customer_id,first_name,last_name,email,phone,address_id,created_at
1,Cornelia,Spenclay,cspenclay0@walmart.com,296-611-4902,1,2024-05-17 00:11:48
2,Alayne,Winspeare,awinspeare1@addthis.com,276-479-2368,2,2024-08-02 10:18:47
3,Odette,Kuscha,okuscha2@ezinearticles.com,755-456-2492,3,2024-10-06 23:04:09
4,Zachery,Fink,zfink3@eepurl.com,539-844-3238,4,2024-05-20 20:05:33
5,Fremont,Houseley,fhouseley4@pbs.org,259-989-6395,5,2024-01-08 21:55:00
6,Towny,Kinnock,tkinnock5@apache.org,204-526-8107,6,2024-06-26 18:32:41
7,Kimberlyn,Reany,kreany6@discovery.com,782-380-7845,7,2024-06-08 03:12:58
8,Waneta,Washtell,wwashtell7@youtube.com,728-716-7967,8,2024-11-05 16:00:06
9,Craig,Hamblin,chamblin8@pen.io,107-356-7240,9,2024-04-03 23:27:55
10,Jacinta,Langforth,jlangforth9@miitbeian.gov.cn,276-761-7389,10,2024-03-05 17:49:02
11,Mary,Costock,mcostocka@rakuten.co.jp,399-299-8408,11,2024-02-01 04:46:27
12,Molli,Spurgin,mspurginb@google.fr,602-506-0310,12,2024-03-18 10:39:08
13,Allard,Done,adonec@time.com,279-746-7601,13,2024-09-09 00:28:58
14,Tamqrah,Manktelow,tmanktelowd@goo.gl,813-529-2480,14,2024-02-10 06:46:20
15,Ashlie,Naylor,anaylore@shutterfly.com,868-876-5100,15,2024-08-09 21:44:32
16,Aloin,Getcliffe,agetcliffef@prnewswire.com,259-398-1081,16,2024-10-11 15:11:38
17,Winnah,Santore,wsantoreg@aol.com,749-809-4925,17,2024-11-16 10:57:19
18,Dionis,Hydes,dhydesh@dion.ne.jp,849-120-5417,18,2024-11-16 00:39:55
19,Marguerite,Atkinson,matkinsoni@cbsnews.com,906-178-9690,19,2024-03-30 19:56:08
20,Natale,Collingdon,ncollingdonj@fotki.com,666-210-0399,20,2024-03-08 08:48:26
21,Roxanna,O'Meara,romearak@msn.com,273-240-7270,21,2024-07-23 01:19:24
22,Edvard,Gurdon,egurdonl@baidu.com,408-275-5445,22,2024-07-31 03:11:42
23,Maxy,Seedman,mseedmanm@house.gov,609-688-6590,23,2024-09-03 13:14:33
24,Bartolemo,Retallick,bretallickn@networkadvertising.org,415-139-6186,24,2024-12-14 10:49:05
25,Melony,Gristock,mgristocko@bbb.org,803-496-6769,25,2024-08-11 18:42:06
26,Etheline,Flory,efloryp@wired.com,463-539-9059,26,2024-02-04 01:46:06
27,Christie,Lewnden,clewndenq@cnbc.com,741-521-1306,27,2024-09-30 05:23:08
28,Darren,O'Geneay,dogeneayr@paginegialle.it,219-417-6276,28,2024-11-17 10:25:43
29,Kipp,Haberfield,khaberfields@bbb.org,669-676-2485,29,2024-05-12 23:18:07
30,Theadora,Imms,timmst@ucoz.com,960-286-5908,30,2024-10-02 23:49:59
31,Selestina,Waddy,swaddyu@prlog.org,915-560-2818,31,2024-04-25 23:26:15
32,Gavan,Farra,gfarrav@rakuten.co.jp,265-574-7262,32,2024-11-02 00:24:28
33,Kalie,Ashton,kashtonw@sciencedaily.com,544-380-9997,33,2024-06-10 21:32:02
34,Kitti,Woofinden,kwoofindenx@pagesperso-orange.fr,439-902-2027,34,2024-10-31 14:59:23
35,Jenny,Klaffs,jklaffsy@indiegogo.com,956-664-2663,35,2024-05-28 13:30:49
36,Josie,Trotman,jtrotmanz@huffingtonpost.com,803-412-1357,36,2024-03-27 20:52:06
37,Viola,Parkinson,vparkinson10@pinterest.com,892-392-6801,37,2024-04-09 05:02:38
38,Timotheus,Videler,tvideler11@census.gov,603-926-5314,38,2024-05-09 00:08:34
39,Carmon,Muffitt,cmuffitt12@eepurl.com,371-360-6370,39,2024-07-15 23:52:18
40,Evonne,Tapsell,etapsell13@cnbc.com,925-713-2164,40,2024-02-21 12:43:10
41,Taylor,Streeton,tstreeton14@hud.gov,245-796-4984,41,2024-05-10 01:49:30
42,Ty,Whittek,twhittek15@bbc.co.uk,326-626-3567,42,2024-03-14 18:29:54
43,Theo,Fotheringham,tfotheringham16@biblegateway.com,982-789-5065,43,2024-06-20 18:58:51
44,Heddi,Oventon,hoventon17@live.com,576-836-6709,44,2024-04-26 08:13:01
45,Brett,Scholcroft,bscholcroft18@home.pl,380-362-6362,45,2024-11-28 15:39:48
46,Dewain,Hargrove,dhargrove19@unicef.org,926-624-7804,46,2024-09-10 14:15:41
47,Beatrice,Fendlen,bfendlen1a@fotki.com,954-940-6064,47,2024-11-12 18:22:02
48,Chadd,Bagot,cbagot1b@pagesperso-orange.fr,448-928-0738,48,2024-12-13 13:39:10
49,Erv,Eschelle,eeschelle1c@histats.com,842-480-6315,49,2024-11-10 18:24:53
50,Gardener,Culp,gculp1d@about.com,357-953-1217,50,2024-09-17 06:16:14
51,Frazer,Webberley,fwebberley1e@omniture.com,120-655-4113,51,2024-10-10 15:35:24
52,Peadar,Slocomb,pslocomb1f@wp.com,108-351-2983,52,2024-03-28 04:19:49
53,Rene,Tedahl,rtedahl1g@disqus.com,150-272-9769,53,2024-11-23 13:46:58
54,Violetta,Nock,vnock1h@youtu.be,917-831-5453,54,2024-11-01 23:44:00
55,Teressa,Rawlingson,trawlingson1i@mashable.com,176-138-6345,55,2024-02-24 10:49:33
56,Fletcher,Daysh,fdaysh1j@va.gov,164-540-7034,56,2024-10-11 07:17:23
57,Cassey,Domniney,cdomniney1k@zimbio.com,798-220-1329,57,2024-03-23 19:33:47
58,Carla,Dow,cdow1l@slashdot.org,263-344-3516,58,2024-06-30 07:15:58
59,Sigismond,Mullane,smullane1m@shareasale.com,833-901-4188,59,2024-01-13 23:16:28
60,Carolyn,Tappington,ctappington1n@purevolume.com,478-740-4395,60,2024-09-24 22:58:35
61,Mose,Alexandre,malexandre1o@vk.com,490-419-6201,61,2024-01-14 03:08:28
62,Nelly,Priest,npriest1p@unc.edu,691-190-6382,62,2024-09-24 06:25:07
63,Kirk,Solway,ksolway1q@upenn.edu,543-818-2400,63,2024-02-03 20:15:35
64,Helsa,Vivian,hvivian1r@engadget.com,390-857-8432,64,2024-11-15 22:59:26
65,Bart,Shaudfurth,bshaudfurth1s@squarespace.com,590-570-8280,65,2024-10-28 19:13:02
66,Nicolette,Franklyn,nfranklyn1t@wikipedia.org,165-827-7088,66,2024-06-07 04:16:26
67,Cassie,Cersey,ccersey1u@163.com,626-581-1223,67,2024-03-28 10:59:44
68,Abigael,Carville,acarville1v@omniture.com,815-766-2497,68,2024-09-25 05:25:09
69,Jonathan,Trinbey,jtrinbey1w@hatena.ne.jp,650-470-3187,69,2024-10-17 10:18:00
70,Hildy,Redgrave,hredgrave1x@seattletimes.com,891-982-9837,70,2024-12-01 20:13:16
71,Horst,Netti,hnetti1y@wikia.com,361-368-1551,71,2024-06-15 14:28:29
72,Peadar,Biglin,pbiglin1z@hc360.com,846-998-3036,72,2024-06-04 11:47:26
73,Ezechiel,Ballston,eballston20@hhs.gov,605-637-2223,73,2024-06-28 01:53:24
74,Allsun,Phettiplace,aphettiplace21@comsenz.com,476-146-6486,74,2024-12-10 12:54:01
75,Nicko,O'Driscole,nodriscole22@arstechnica.com,581-296-0716,75,2024-06-05 19:34:23
76,Jannelle,Sugars,jsugars23@loc.gov,764-283-4419,76,2024-02-11 22:40:17
77,Kissie,Erswell,kerswell24@drupal.org,404-575-7509,77,2024-01-08 02:26:49
78,Casi,Peckham,cpeckham25@purevolume.com,494-656-2710,78,2024-01-07 16:04:10
79,Chaunce,MacLennan,cmaclennan26@huffingtonpost.com,925-872-6800,79,2023-12-30 16:37:16
80,Winne,Trahair,wtrahair27@acquirethisname.com,701-479-3745,80,2024-03-08 08:52:12
81,Quent,O'Mullally,qomullally28@timesonline.co.uk,419-940-4974,81,2024-09-24 00:27:45
82,Dill,Blaskett,dblaskett29@seattletimes.com,186-839-3965,82,2024-06-27 12:50:21
83,Fidelity,Eul,feul2a@4shared.com,131-970-6188,83,2024-04-11 12:27:20
84,Caryl,Gheorghescu,cgheorghescu2b@cdbaby.com,894-889-1721,84,2024-04-10 03:12:54
85,Logan,Deighton,ldeighton2c@yahoo.com,874-483-1410,85,2024-03-11 18:12:38
86,Lauritz,Bleier,lbleier2d@simplemachines.org,141-710-7191,86,2024-04-20 05:51:10
87,Karen,Lethem,klethem2e@histats.com,609-859-7547,87,2024-09-08 01:39:45
88,Drusie,Gallen,dgallen2f@geocities.com,399-339-7767,88,2024-06-21 03:58:28
89,Lanie,Endrizzi,lendrizzi2g@jalbum.net,601-433-6337,89,2024-12-11 01:05:31
90,Elihu,Darlaston,edarlaston2h@histats.com,122-380-0527,90,2024-11-20 05:53:06
91,Tore,Anneslie,tanneslie2i@addtoany.com,986-301-1852,91,2024-05-15 06:42:04
92,Chandler,Elles,celles2j@pinterest.com,407-775-0941,92,2024-05-06 18:40:32
93,Selma,Le Floch,slefloch2k@seesaa.net,735-662-8166,93,2024-09-27 08:23:08
94,Catlee,Thaine,cthaine2l@shop-pro.jp,330-714-3172,94,2024-07-22 00:10:48
95,Lonny,Erley,lerley2m@jimdo.com,488-808-9074,95,2024-06-28 11:15:54
96,Sly,Pre,spre2n@jiathis.com,387-804-2004,96,2024-06-30 07:33:56
97,Marlena,Lawrie,mlawrie2o@bravesites.com,565-698-1681,97,2024-08-16 06:32:01
98,Tamarah,Vizard,tvizard2p@columbia.edu,529-803-5602,98,2024-11-16 01:46:17
99,Tilly,Pennock,tpennock2q@intel.com,485-450-9738,99,2024-04-29 02:37:40
100,Malvina,Goodbarr,mgoodbarr2r@meetup.com,237-317-7650,100,2024-03-10 14:32:44
101,Liva,Shiliton,lshiliton2s@storify.com,936-458-7468,101,2024-11-23 07:54:40
102,Packston,Stark,pstark2t@xinhuanet.com,659-603-1966,102,2024-09-04 18:09:54
103,Ulrich,Boxe,uboxe2u@topsy.com,522-888-7554,103,2024-11-09 04:46:48
104,Mignon,Swash,mswash2v@deviantart.com,194-654-0958,104,2024-07-13 03:41:17
105,Stacie,Hindes,shindes2w@eventbrite.com,480-843-3235,105,2024-06-28 15:51:10
106,Grant,Mourton,gmourton2x@123-reg.co.uk,813-935-0714,106,2024-06-16 01:03:25
107,Karrah,Bingell,kbingell2y@accuweather.com,869-846-5201,107,2024-07-01 05:25:52
108,Kin,Shiell,kshiell2z@skype.com,771-166-7054,108,2024-05-16 08:19:19
109,Wake,Tunesi,wtunesi30@linkedin.com,727-227-7127,109,2024-02-07 00:57:18
110,Odella,Rupke,orupke31@chicagotribune.com,958-540-2662,110,2024-09-18 18:54:58
111,Shara,Forster,sforster32@wikipedia.org,951-458-0079,111,2024-09-26 14:22:12
112,Aimil,Wolledge,awolledge33@histats.com,526-448-8678,112,2024-08-23 08:15:50
113,Adria,Cawdery,acawdery34@cargocollective.com,536-111-0818,113,2024-03-09 14:18:45
114,Eleni,Mirrlees,emirrlees35@flickr.com,214-242-6813,114,2024-11-06 22:06:00
115,Joyann,Bartoleyn,jbartoleyn36@lycos.com,458-868-3532,115,2024-12-18 22:39:00
116,Cyndi,Marmon,cmarmon37@npr.org,469-865-9154,116,2024-12-05 03:03:02
117,Sauncho,Want,swant38@sakura.ne.jp,652-655-3703,117,2024-09-23 08:30:06
118,Linoel,Beyer,lbeyer39@guardian.co.uk,724-986-2830,118,2024-03-20 18:27:29
119,Torrance,Rivers,trivers3a@tmall.com,976-156-2322,119,2024-01-16 05:32:51
120,Peyton,Flippini,pflippini3b@cpanel.net,313-463-9369,120,2024-04-19 19:02:35
121,Nikolas,Spleving,nspleving3c@pcworld.com,108-733-7993,121,2024-03-20 23:06:29
122,Eloisa,Godart,egodart3d@slashdot.org,948-374-3119,122,2024-10-08 06:03:04
123,Casi,Othick,cothick3e@omniture.com,307-759-0233,123,2024-12-14 08:12:55
124,Mable,Zimmermeister,mzimmermeister3f@apple.com,879-236-9696,124,2024-08-15 12:49:48
125,Anna-diane,Skerratt,askerratt3g@nature.com,305-740-7074,125,2024-08-17 12:49:26
126,Godiva,Hubeaux,ghubeaux3h@phoca.cz,129-100-1660,126,2024-07-17 07:11:48
127,Valenka,Mattiello,vmattiello3i@cpanel.net,196-912-9148,127,2024-03-07 03:13:06
128,Emmy,Shakespeare,eshakespeare3j@plala.or.jp,641-394-6799,128,2024-06-05 21:10:09
129,Erhart,Kinze,ekinze3k@t-online.de,215-474-5636,129,2024-04-28 15:11:31
130,Jolynn,Leathwood,jleathwood3l@creativecommons.org,152-597-3047,130,2024-06-13 19:44:49
131,Ulberto,Codeman,ucodeman3m@amazon.co.jp,252-895-9497,131,2024-12-04 02:21:09
132,Cathlene,Wayne,cwayne3n@nyu.edu,233-583-6984,132,2024-12-23 07:32:04
133,Barbe,Brocklesby,bbrocklesby3o@ycombinator.com,138-397-9658,133,2024-04-16 23:07:34
134,Malcolm,Emmatt,memmatt3p@bing.com,644-652-3798,134,2024-10-02 05:26:25
135,Tobye,Cardus,tcardus3q@soup.io,551-328-1376,135,2024-08-17 03:44:04
136,Mose,Chasmor,mchasmor3r@twitter.com,566-909-9776,136,2024-02-24 20:30:39
137,Tuckie,Botler,tbotler3s@elpais.com,943-215-8937,137,2024-06-24 19:07:56
138,Cecilia,Folcarelli,cfolcarelli3t@list-manage.com,396-275-6801,138,2024-03-04 00:11:21
139,Leigha,Hanley,lhanley3u@netvibes.com,253-596-6366,139,2024-02-16 09:18:28
140,Portie,Agar,pagar3v@nature.com,111-143-4602,140,2024-06-13 21:04:48
141,Drona,Lake,dlake3w@weather.com,180-386-4703,141,2024-11-22 16:42:24
142,Robinson,Jaggard,rjaggard3x@sbwire.com,408-912-1522,142,2024-09-21 11:16:49
143,Torie,Walstow,twalstow3y@imageshack.us,121-549-0756,143,2024-03-03 07:24:21
144,Rebbecca,Ilyunin,rilyunin3z@apache.org,676-705-9380,144,2024-12-14 11:49:35
145,Shelby,Eastham,seastham40@cnet.com,965-629-3926,145,2024-01-10 01:00:03
146,Janeen,Sommerling,jsommerling41@squidoo.com,564-647-7601,146,2024-08-22 02:13:31
147,Lizette,Shipperbottom,lshipperbottom42@deviantart.com,462-314-3866,147,2024-12-13 23:56:29
148,Rica,Benian,rbenian43@sina.com.cn,456-311-1094,148,2024-12-01 11:57:21
149,Allis,Pimm,apimm44@wiley.com,212-232-3808,149,2024-03-23 04:36:23
150,Nolan,Borlease,nborlease45@shutterfly.com,820-262-0749,150,2024-07-20 00:53:48
151,Marcelo,Newe,mnewe46@ebay.co.uk,821-821-2346,151,2024-11-23 02:02:53
152,Luke,Micheau,lmicheau47@altervista.org,351-432-6042,152,2024-07-27 09:56:48
153,Hephzibah,Stockley,hstockley48@4shared.com,138-148-1125,153,2024-02-23 05:38:02
154,Rad,Shercliff,rshercliff49@quantcast.com,818-712-1776,154,2023-12-28 08:55:04
155,Noemi,Fulcher,nfulcher4a@biglobe.ne.jp,294-913-8122,155,2024-03-19 18:22:47
156,Orelle,Helstrip,ohelstrip4b@shareasale.com,629-350-8549,156,2023-12-26 20:28:48
157,Kaila,Winston,kwinston4c@usda.gov,227-479-0044,157,2024-03-13 15:34:39
158,Norbert,Brearley,nbrearley4d@multiply.com,577-722-8759,158,2024-09-24 22:18:24
159,Grete,Frays,gfrays4e@i2i.jp,552-841-3350,159,2024-05-22 10:00:56
160,Thomasina,Atrill,tatrill4f@sciencedirect.com,110-252-1899,160,2024-03-01 15:15:58
161,Gualterio,Cowup,gcowup4g@cdc.gov,141-129-6176,161,2024-09-26 02:05:51
162,Conrade,Idwal Evans,cidwalevans4h@google.nl,115-408-7768,162,2024-05-16 13:43:44
163,Lock,Daintith,ldaintith4i@auda.org.au,384-554-8411,163,2024-09-24 09:45:35
164,Daphene,Springtorpe,dspringtorpe4j@is.gd,256-964-2894,164,2024-03-07 02:03:07
165,Glyn,Glentworth,gglentworth4k@statcounter.com,109-298-4428,165,2024-10-07 02:26:41
166,Josee,Delion,jdelion4l@seesaa.net,454-371-8724,166,2024-08-01 16:41:23
167,Tades,Kiraly,tkiraly4m@china.com.cn,991-903-7167,167,2024-08-05 01:33:07
168,Findlay,Massimi,fmassimi4n@blinklist.com,901-642-9703,168,2024-02-27 13:55:57
169,Moira,Foulger,mfoulger4o@ftc.gov,507-825-2473,169,2024-11-30 08:50:31
170,Daile,Mosedale,dmosedale4p@webmd.com,684-291-9052,170,2024-01-19 02:47:55
171,Bernita,Borleace,bborleace4q@businessweek.com,144-137-1581,171,2024-05-26 23:10:05
172,Marj,Kemmet,mkemmet4r@bravesites.com,395-925-4807,172,2024-06-18 05:22:05
173,Craggy,Fermor,cfermor4s@amazon.de,400-269-9770,173,2024-12-18 07:30:34
174,Flinn,Ozanne,fozanne4t@miibeian.gov.cn,971-202-1699,174,2024-03-26 03:55:29
175,Clemente,Pearcehouse,cpearcehouse4u@sfgate.com,658-870-6309,175,2024-02-16 23:06:55
176,Lindie,Nardi,lnardi4v@linkedin.com,250-494-2811,176,2024-03-09 08:55:29
177,Orion,Bernardi,obernardi4w@hhs.gov,371-172-5547,177,2024-05-31 11:34:13
178,Fairlie,Kmiec,fkmiec4x@mail.ru,893-866-2732,178,2024-09-05 09:20:38
179,Daren,Dyhouse,ddyhouse4y@vistaprint.com,953-152-3369,179,2024-05-23 14:55:26
180,Karen,Duxbarry,kduxbarry4z@samsung.com,768-807-3039,180,2024-12-17 00:46:57
181,Sig,Sidon,ssidon50@istockphoto.com,139-468-1177,181,2024-10-15 11:08:25
182,Evania,Kynston,ekynston51@msu.edu,356-252-6271,182,2024-01-29 20:39:10
183,Shaughn,Martt,smartt52@webnode.com,174-188-7860,183,2024-06-17 20:45:57
184,Nikolas,Sawney,nsawney53@mashable.com,518-147-4036,184,2024-01-22 11:17:26
185,Pietra,Willmore,pwillmore54@bloglines.com,592-840-3483,185,2024-02-26 06:19:18
186,Cathie,Searight,csearight55@infoseek.co.jp,498-855-2231,186,2024-11-11 19:32:50
187,Thorstein,Markovic,tmarkovic56@parallels.com,131-160-6825,187,2024-03-12 02:22:28
188,Sherill,Steinham,ssteinham57@engadget.com,231-719-8319,188,2024-07-29 23:43:52
189,Immanuel,Stainburn,istainburn58@engadget.com,599-564-4230,189,2024-01-15 07:56:35
190,Gaylord,Penberthy,gpenberthy59@hatena.ne.jp,705-717-8451,190,2024-06-10 07:15:12
191,Rriocard,Cribbin,rcribbin5a@statcounter.com,615-558-7908,191,2024-08-06 03:27:46
192,Nessy,Impy,nimpy5b@vk.com,452-839-1861,192,2024-10-19 04:36:08
193,Mead,Llop,mllop5c@comsenz.com,815-378-2527,193,2024-10-19 12:03:54
194,Jerry,Saward,jsaward5d@jalbum.net,906-543-9535,194,2024-10-24 18:28:26
195,Jenine,Danielut,jdanielut5e@trellian.com,776-184-7959,195,2024-09-17 04:32:14
196,Ring,Powe,rpowe5f@discuz.net,226-214-6572,196,2024-07-15 17:38:17
197,Elbert,Tombs,etombs5g@networkadvertising.org,976-834-9151,197,2024-08-07 19:48:23
198,Brunhilde,Ward,bward5h@rediff.com,781-394-5707,198,2024-10-30 02:32:07
199,Reeba,Iltchev,riltchev5i@addthis.com,403-406-6364,199,2024-05-20 04:30:09
200,Toni,Jelkes,tjelkes5j@bandcamp.com,562-242-8711,200,2024-09-06 08:13:24
201,Efren,Bolt,ebolt5k@weather.com,972-874-6929,201,2024-10-15 22:19:41
202,Suellen,Trassler,strassler5l@meetup.com,862-549-0739,202,2024-01-17 20:21:03
203,Christian,O'Leagham,coleagham5m@smh.com.au,323-729-5754,203,2024-12-04 07:29:06
204,Cher,Huccaby,chuccaby5n@icq.com,559-274-6921,204,2024-04-02 13:58:49
205,Zachary,McAuley,zmcauley5o@jimdo.com,624-186-7656,205,2024-02-29 15:19:53
206,Thayne,Edmands,tedmands5p@techcrunch.com,798-200-7153,206,2024-09-16 23:50:31
207,Constancy,Wetherick,cwetherick5q@xing.com,635-324-8259,207,2024-06-13 11:56:52
208,Clo,Edmett,cedmett5r@ezinearticles.com,395-291-3255,208,2024-05-01 08:34:27
209,Estella,Casse,ecasse5s@msu.edu,463-407-7842,209,2024-10-20 05:12:13
210,Glynnis,Bresner,gbresner5t@twitpic.com,518-544-6071,210,2024-05-30 17:44:57
211,Eldin,Stenyng,estenyng5u@simplemachines.org,494-299-9815,211,2024-04-10 15:16:18
212,Robbert,Manktelow,rmanktelow5v@elegantthemes.com,143-250-7778,212,2024-06-27 20:25:21
213,Lena,Bosworth,lbosworth5w@joomla.org,475-158-2363,213,2024-06-15 12:23:39
214,Joshuah,Danzig,jdanzig5x@nymag.com,198-877-1588,214,2024-04-20 10:10:10
215,Katharine,Mateuszczyk,kmateuszczyk5y@wisc.edu,625-367-2977,215,2024-03-15 16:48:46
216,Emmaline,Millichap,emillichap5z@arizona.edu,437-665-6814,216,2024-01-27 16:29:03
217,Whitman,Rew,wrew60@reverbnation.com,914-786-1971,217,2024-03-21 10:59:02
218,Luella,Narbett,lnarbett61@mayoclinic.com,103-317-9408,218,2024-05-27 20:18:26
219,Chelsy,Hadlow,chadlow62@europa.eu,678-274-1520,219,2024-12-03 01:56:03
220,Alberta,Croxton,acroxton63@home.pl,765-323-2598,220,2024-03-11 23:34:35
221,Garrot,Birk,gbirk64@phpbb.com,713-470-4271,221,2024-07-25 23:45:35
222,Rikki,Lindhe,rlindhe65@google.fr,944-917-3324,222,2024-12-20 18:44:47
223,Cara,Andrew,candrew66@yellowpages.com,999-199-9410,223,2024-04-30 22:44:09
224,Moise,Berthe,mberthe67@123-reg.co.uk,575-220-2304,224,2024-06-13 12:21:33
225,Adelind,Whyte,awhyte68@diigo.com,731-102-0726,225,2024-03-27 06:35:47
226,Laughton,Endrici,lendrici69@bbc.co.uk,376-228-3201,226,2024-06-22 01:27:17
227,Angelia,Carletto,acarletto6a@usda.gov,528-684-0954,227,2024-02-22 20:44:21
228,Alphonso,Heustice,aheustice6b@geocities.com,371-982-8050,228,2024-11-05 14:46:59
229,Heinrick,Klima,hklima6c@freewebs.com,762-928-8302,229,2024-08-27 22:57:45
230,Car,Pranger,cpranger6d@ustream.tv,498-900-4165,230,2024-07-05 01:16:11
231,Malorie,Tibalt,mtibalt6e@taobao.com,760-217-2755,231,2024-12-21 23:21:34
232,Alvan,Kermit,akermit6f@de.vu,151-550-3421,232,2024-08-31 18:40:17
233,Alvis,Ovendale,aovendale6g@themeforest.net,600-843-0451,233,2024-02-12 10:29:51
234,Duff,Ride,dride6h@nationalgeographic.com,504-645-4824,234,2024-05-27 10:05:07
235,Geoffrey,Jones,gjones6i@photobucket.com,548-270-0882,235,2024-12-11 07:05:32
236,Xavier,Clinch,xclinch6j@jugem.jp,253-948-4753,236,2024-12-01 23:46:04
237,Klarrisa,Uglow,kuglow6k@dion.ne.jp,510-831-8203,237,2024-10-17 10:22:56
238,Knox,Yakunchikov,kyakunchikov6l@altervista.org,891-714-0707,238,2024-03-28 16:37:23
239,Lucilia,Raitt,lraitt6m@lulu.com,930-684-6378,239,2024-01-22 08:56:16
240,Nessy,Coatsworth,ncoatsworth6n@blogs.com,949-841-8533,240,2024-03-25 21:40:56
241,Maxy,Mallatratt,mmallatratt6o@eventbrite.com,248-688-5151,241,2024-01-10 12:14:55
242,Ricardo,Jerzak,rjerzak6p@reuters.com,799-154-5168,242,2024-11-23 16:37:34
243,Janel,Athersmith,jathersmith6q@godaddy.com,921-565-1496,243,2024-08-19 09:30:47
244,Katrina,Iacomo,kiacomo6r@de.vu,788-773-3417,244,2024-11-04 22:22:42
245,Skippie,Dawney,sdawney6s@alibaba.com,596-985-8882,245,2024-07-01 09:45:39
246,Svend,Catley,scatley6t@digg.com,818-746-8510,246,2024-06-17 01:54:41
247,Marylinda,Crudgington,mcrudgington6u@photobucket.com,916-439-3618,247,2024-10-02 18:17:11
248,Rosemonde,Ianelli,rianelli6v@slate.com,815-127-2577,248,2024-03-23 20:55:54
249,Gina,Belson,gbelson6w@hibu.com,969-306-4333,249,2024-05-31 12:39:56
250,Hollie,Rosberg,hrosberg6x@state.gov,436-255-1748,250,2024-07-11 06:54:01
251,Sabine,Tejero,stejero6y@github.io,874-798-4910,251,2024-05-30 15:05:18
252,Shannah,Bigly,sbigly6z@cyberchimps.com,761-243-7589,252,2024-11-23 23:56:39
253,Evania,Beardsley,ebeardsley70@mtv.com,597-148-8131,253,2024-10-01 04:33:26
254,Debbi,Probets,dprobets71@usnews.com,874-210-7849,254,2024-09-08 16:03:02
255,Vasili,Forestall,vforestall72@boston.com,214-719-6433,255,2024-05-18 23:31:59
256,Lonee,Docksey,ldocksey73@examiner.com,144-878-6213,256,2024-05-01 07:24:57
257,Faunie,Cory,fcory74@soundcloud.com,183-801-3157,257,2024-12-06 16:07:31
258,Marylin,McCaughren,mmccaughren75@china.com.cn,288-922-4930,258,2024-03-14 19:31:12
259,Obidiah,Foston,ofoston76@de.vu,938-638-7578,259,2024-06-07 07:08:26
260,Rodger,Simonds,rsimonds77@dot.gov,240-218-5015,260,2024-05-29 21:12:46
261,Selma,Deshon,sdeshon78@desdev.cn,948-935-4416,261,2024-12-19 12:44:52
262,Lorrie,des Remedios,ldesremedios79@prlog.org,151-707-4064,262,2024-10-24 20:59:30
263,Boycey,Ferrai,bferrai7a@i2i.jp,121-317-3375,263,2024-09-07 04:10:11
264,Maxine,Dillimore,mdillimore7b@howstuffworks.com,997-240-4358,264,2024-08-02 15:27:56
265,Liesa,Ivanisov,livanisov7c@blogs.com,540-834-4652,265,2024-06-15 01:52:52
266,Faina,Rubinow,frubinow7d@e-recht24.de,829-560-2784,266,2024-07-05 23:43:40
267,Angelica,Dennerley,adennerley7e@ucsd.edu,519-547-9290,267,2024-04-08 09:31:54
268,Elana,Stoyles,estoyles7f@slideshare.net,263-173-1856,268,2024-08-21 10:55:13
269,Danielle,Aylwin,daylwin7g@ibm.com,414-878-4909,269,2024-04-18 10:32:57
270,Rodrique,Guerreru,rguerreru7h@istockphoto.com,937-887-2655,270,2024-05-13 10:58:42
271,Kania,Brotheridge,kbrotheridge7i@google.cn,664-624-4459,271,2024-09-13 14:45:18
272,Holly-anne,Carl,hcarl7j@ucla.edu,617-548-6914,272,2024-02-12 01:49:24
273,Guthrey,Kubicki,gkubicki7k@bizjournals.com,387-601-3052,273,2024-07-28 20:50:57
274,Randi,Rodgers,rrodgers7l@salon.com,887-521-6740,274,2024-02-07 15:54:06
275,Ertha,Polkinghorne,epolkinghorne7m@google.de,385-175-1925,275,2024-04-24 10:40:39
276,Eadmund,Fredy,efredy7n@posterous.com,873-689-9863,276,2024-06-13 14:29:30
277,Drusi,Cromblehome,dcromblehome7o@examiner.com,513-206-7058,277,2024-01-02 03:10:38
278,Chucho,Isherwood,cisherwood7p@cocolog-nifty.com,184-609-9338,278,2024-12-21 15:24:30
279,Kacie,Margetts,kmargetts7q@hostgator.com,759-479-2630,279,2024-04-04 17:22:39
280,Teodora,Quaif,tquaif7r@istockphoto.com,472-290-3832,280,2024-02-22 02:56:26
281,Leilah,Ellerman,lellerman7s@answers.com,507-992-5599,281,2024-11-15 01:57:31
282,Keven,Oakley,koakley7t@youtube.com,989-364-9975,282,2024-03-13 21:51:32
283,Lianne,Medgewick,lmedgewick7u@mapquest.com,333-315-6396,283,2024-05-15 09:51:56
284,Tibold,Henrot,thenrot7v@vinaora.com,716-661-5188,284,2024-10-21 10:27:44
285,Agnesse,Pargetter,apargetter7w@cdbaby.com,624-886-2961,285,2024-12-04 10:35:09
286,Caro,Pentin,cpentin7x@netlog.com,725-344-8792,286,2024-11-20 04:56:07
287,Faye,Dugall,fdugall7y@jugem.jp,578-468-0265,287,2024-07-29 23:04:26
288,Tabbi,Irdale,tirdale7z@webs.com,625-216-4138,288,2024-01-30 12:31:58
289,Herminia,Nys,hnys80@disqus.com,877-962-7455,289,2023-12-30 00:02:44
290,Dinah,Eggerton,deggerton81@miitbeian.gov.cn,116-587-2418,290,2024-11-07 16:22:39
291,Murvyn,Klarzynski,mklarzynski82@blinklist.com,263-734-9507,291,2024-04-03 01:35:22
292,Blair,Legat,blegat83@sbwire.com,126-296-0706,292,2024-06-04 08:16:52
293,Marty,Grinley,mgrinley84@imgur.com,186-178-2629,293,2024-08-20 05:44:49
294,Delilah,Colthard,dcolthard85@addthis.com,982-374-1700,294,2024-03-15 09:01:08
295,Davidson,McDool,dmcdool86@ebay.co.uk,123-712-1445,295,2024-08-26 06:32:10
296,Vernen,McCurtin,vmccurtin87@cocolog-nifty.com,726-517-8455,296,2024-02-06 00:54:07
297,Guillaume,Calway,gcalway88@nature.com,722-904-8305,297,2024-12-02 20:22:59
298,Adi,Fanthome,afanthome89@phpbb.com,875-931-9679,298,2024-12-09 06:58:31
299,Yorker,Basezzi,ybasezzi8a@apple.com,331-994-0686,299,2024-07-17 22:36:50
300,Geoff,Highton,ghighton8b@hhs.gov,423-762-8333,300,2024-08-25 14:05:37
301,Desiree,Leacy,dleacy8c@privacy.gov.au,682-225-7522,301,2024-11-09 02:21:36
302,Temple,Ringrose,tringrose8d@jiathis.com,815-172-4987,302,2024-01-17 08:39:28
303,Jillene,Rooney,jrooney8e@mtv.com,853-820-5054,303,2024-08-08 08:46:38
304,Stu,Ismay,sismay8f@cdc.gov,925-666-7325,304,2024-07-21 10:21:05
305,Odille,Stuehmeier,ostuehmeier8g@un.org,932-277-4503,305,2024-12-01 15:00:46
306,Marcus,Lynnitt,mlynnitt8h@twitter.com,591-365-8310,306,2024-07-02 22:47:50
307,Truda,Margetson,tmargetson8i@comcast.net,824-330-6182,307,2024-01-12 20:41:23
308,Kiersten,Burress,kburress8j@nytimes.com,585-742-3201,308,2024-12-14 03:31:42
309,Kellen,Niles,kniles8k@so-net.ne.jp,582-913-9378,309,2024-11-19 08:20:52
310,Jeddy,Bampkin,jbampkin8l@bandcamp.com,315-946-6739,310,2024-12-14 21:24:43
311,Terrence,Sneden,tsneden8m@blogs.com,910-706-3579,311,2024-06-17 08:09:30
312,Gussie,Antwis,gantwis8n@creativecommons.org,836-888-4094,312,2024-04-05 23:48:14
313,Teirtza,Sherreard,tsherreard8o@mail.ru,131-566-6328,313,2024-08-26 18:51:39
314,Noami,Hacon,nhacon8p@pen.io,605-486-9019,314,2024-04-10 03:29:09
315,Burt,Dolder,bdolder8q@java.com,322-258-8506,315,2024-05-25 17:10:59
316,Mikel,Cowen,mcowen8r@rambler.ru,891-752-6926,316,2024-06-19 15:45:24
317,Ulrica,Lavens,ulavens8s@economist.com,820-328-5962,317,2024-12-22 23:53:11
318,Skelly,Kupis,skupis8t@house.gov,814-468-8467,318,2024-11-08 17:04:12
319,Rita,Dorran,rdorran8u@google.co.uk,583-330-9202,319,2024-12-01 06:34:19
320,Jed,Flisher,jflisher8v@wsj.com,465-454-7488,320,2024-01-08 13:42:56
321,Chrysa,Gergely,cgergely8w@amazon.com,577-714-6085,321,2024-04-17 03:19:08
322,Brittne,Orhrt,borhrt8x@seattletimes.com,753-864-5508,322,2024-01-23 14:06:46
323,Estevan,Smaling,esmaling8y@noaa.gov,125-246-8650,323,2024-10-29 03:09:08
324,William,Gimeno,wgimeno8z@wikimedia.org,285-283-7382,324,2024-08-11 16:44:27
325,Nap,Chelam,nchelam90@arizona.edu,515-512-7333,325,2024-08-23 17:56:11
326,Danya,Belk,dbelk91@psu.edu,378-554-7554,326,2024-12-15 06:08:03
327,Anabelle,Haville,ahaville92@phpbb.com,774-772-0579,327,2024-07-19 07:22:53
328,Sutherlan,Bathersby,sbathersby93@naver.com,228-976-9359,328,2023-12-28 15:57:53
329,Alec,Penticoot,apenticoot94@github.io,111-330-0558,329,2024-08-21 15:06:38
330,Christiana,Dorrance,cdorrance95@un.org,898-774-6177,330,2024-04-01 23:42:48
331,Nowell,Raspel,nraspel96@technorati.com,341-423-4369,331,2024-07-18 21:17:04
332,Pren,Kollaschek,pkollaschek97@amazonaws.com,976-747-1670,332,2024-07-06 04:57:19
333,Louise,Conor,lconor98@delicious.com,439-335-1464,333,2024-02-07 17:09:44
334,Alika,Halpeine,ahalpeine99@amazonaws.com,215-729-6705,334,2024-03-19 09:14:39
335,Gabriell,Markwick,gmarkwick9a@omniture.com,514-626-7086,335,2024-01-08 16:37:24
336,Audrye,Bliss,abliss9b@opensource.org,249-398-7656,336,2024-10-16 15:34:43
337,Eddi,Criag,ecriag9c@salon.com,485-747-9007,337,2024-03-21 12:26:36
338,Obidiah,Sillitoe,osillitoe9d@exblog.jp,338-872-2095,338,2024-09-25 02:53:33
339,Toinette,Fayerman,tfayerman9e@bluehost.com,986-875-7442,339,2024-04-23 11:48:02
340,Bertha,Langston,blangston9f@hp.com,766-295-9905,340,2024-11-29 02:49:15
341,Tabbie,Fancutt,tfancutt9g@bbc.co.uk,902-318-6549,341,2024-11-28 07:51:04
342,Si,Tunniclisse,stunniclisse9h@gov.uk,873-694-4786,342,2024-01-30 11:18:16
343,Ninnette,McKeachie,nmckeachie9i@si.edu,258-556-1390,343,2024-05-03 04:11:59
344,Frederick,Vipan,fvipan9j@discuz.net,824-522-8930,344,2024-10-13 00:31:12
345,Rhiamon,Paz,rpaz9k@sciencedirect.com,487-706-5386,345,2024-04-15 01:41:18
346,Lowrance,Attock,lattock9l@aol.com,875-970-1376,346,2024-04-17 00:06:37
347,Neila,Moulder,nmoulder9m@epa.gov,661-193-3014,347,2024-10-22 22:38:56
348,Waldemar,Kobpac,wkobpac9n@tinypic.com,149-521-7605,348,2024-05-31 16:31:57
349,Jenilee,Ashurst,jashurst9o@weibo.com,735-357-1704,349,2024-07-18 15:03:53
350,Rhodia,Tukesby,rtukesby9p@sciencedirect.com,862-824-4704,350,2024-09-02 18:25:27
351,Garreth,Kelley,gkelley9q@washington.edu,412-926-7567,351,2024-12-08 11:21:28
352,Lucita,Buddles,lbuddles9r@phoca.cz,274-800-1759,352,2024-04-28 08:05:36
353,Florrie,Luthwood,fluthwood9s@google.com,362-998-5494,353,2024-08-10 22:40:41
354,Drucill,Kleinmann,dkleinmann9t@fotki.com,798-591-5556,354,2024-02-25 19:59:43
355,Talyah,Lippett,tlippett9u@jiathis.com,484-943-3891,355,2024-02-22 05:22:34
356,Wald,Ruggs,wruggs9v@devhub.com,512-270-3728,356,2024-05-24 15:05:22
357,Emmet,Knaggs,eknaggs9w@comcast.net,903-563-9872,357,2024-10-31 15:56:44
358,Shay,Chaimson,schaimson9x@prlog.org,200-911-5435,358,2024-06-24 17:54:39
359,Bordy,Enstone,benstone9y@amazon.co.uk,699-466-0056,359,2024-04-30 01:43:16
360,Greta,Mahood,gmahood9z@bloglovin.com,425-502-1389,360,2024-11-18 00:15:18
361,Damita,Tugwell,dtugwella0@cloudflare.com,873-802-8040,361,2024-03-18 01:51:07
362,Lilia,Hyde-Chambers,lhydechambersa1@etsy.com,743-485-8356,362,2024-04-10 22:18:21
363,Derick,Bastard,dbastarda2@npr.org,354-461-4938,363,2024-06-14 23:31:43
364,Shelby,Garnall,sgarnalla3@fda.gov,239-176-6827,364,2024-04-14 23:36:14
365,Kennedy,Kiddy,kkiddya4@360.cn,799-964-3102,365,2024-04-10 06:33:55
366,Carmen,Beeden,cbeedena5@goo.gl,292-774-0403,366,2024-04-05 00:21:12
367,Cullan,Joddins,cjoddinsa6@unesco.org,477-862-7969,367,2024-11-21 21:41:17
368,Shelby,Jedrzejewski,sjedrzejewskia7@joomla.org,933-996-1746,368,2024-10-12 06:17:22
369,Baldwin,Emer,bemera8@nbcnews.com,300-463-0228,369,2024-10-06 04:36:57
370,Abby,Bartolomeu,abartolomeua9@weebly.com,483-922-0963,370,2024-06-25 09:18:48
371,Mabelle,Rennick,mrennickaa@a8.net,283-799-7337,371,2024-12-08 05:07:41
372,Sheree,O'Scanlon,soscanlonab@php.net,534-522-3599,372,2024-10-20 03:13:34
373,Judith,Brangan,jbranganac@t.co,652-445-9231,373,2024-09-08 17:05:22
374,Winifred,Risen,wrisenad@umn.edu,294-132-1029,374,2024-02-15 16:57:35
375,Gaye,de Keyser,gdekeyserae@mac.com,492-825-2286,375,2024-06-17 15:41:06
376,Dominique,Dullard,ddullardaf@ucla.edu,689-194-0304,376,2024-07-26 01:44:02
377,Meghan,Mallender,mmallenderag@is.gd,411-564-7145,377,2024-04-28 20:40:56
378,Emilia,Probyn,eprobynah@tripod.com,902-622-4507,378,2024-02-09 16:25:27
379,Odetta,Mains,omainsai@goo.ne.jp,595-764-5424,379,2024-09-04 18:58:10
380,Bibby,Dowsett,bdowsettaj@infoseek.co.jp,725-133-4080,380,2024-11-28 12:52:22
381,Puff,Challice,pchalliceak@ehow.com,756-152-7001,381,2023-12-28 05:09:13
382,Jens,O'Donoghue,jodonoghueal@disqus.com,806-958-2056,382,2024-07-25 08:01:04
383,Michelina,Sandom,msandomam@google.com.hk,116-135-3523,383,2024-02-24 17:28:06
384,Casandra,Creaney,ccreaneyan@telegraph.co.uk,170-208-4752,384,2024-10-28 22:21:20
385,Bobbe,Heditch,bheditchao@cnbc.com,435-170-7859,385,2024-08-31 14:53:32
386,Avis,Gurery,agureryap@examiner.com,915-705-7570,386,2024-05-02 20:38:42
387,Grantham,Mabey,gmabeyaq@flickr.com,552-661-5418,387,2024-02-17 12:18:53
388,Chrotoem,Down,cdownar@lulu.com,784-835-9341,388,2024-08-22 16:52:45
389,Boycey,Harkins,bharkinsas@myspace.com,634-585-0158,389,2024-12-05 20:21:46
390,Deeyn,Mannock,dmannockat@narod.ru,619-670-1226,390,2024-10-22 04:38:15
391,Fonz,Stoffer,fstofferau@printfriendly.com,239-636-6735,391,2024-01-10 22:21:51
392,Theresita,Dorant,tdorantav@nbcnews.com,987-631-2788,392,2024-07-08 04:43:00
393,Gaven,Copo,gcopoaw@360.cn,993-708-3169,393,2024-08-17 06:38:21
394,Constantino,Pellitt,cpellittax@nhs.uk,940-979-1602,394,2024-11-16 23:34:56
395,Chery,Joanic,cjoanicay@yelp.com,785-186-2314,395,2024-01-24 12:52:13
396,Far,Dickins,fdickinsaz@quantcast.com,459-531-4567,396,2024-03-26 04:49:13
397,Lissi,Vasichev,lvasichevb0@myspace.com,669-766-4307,397,2024-05-16 16:24:04
398,Suzanne,Garvey,sgarveyb1@elegantthemes.com,820-501-7481,398,2024-08-23 15:55:12
399,Jewel,Presnell,jpresnellb2@walmart.com,653-930-3702,399,2024-01-20 22:42:04
400,Lishe,Bernollet,lbernolletb3@comsenz.com,981-601-5640,400,2024-06-07 08:56:38
401,Calida,Daoust,cdaoustb4@yahoo.co.jp,751-981-4285,401,2024-12-24 14:34:01
402,Andrew,Carrabot,acarrabotb5@ftc.gov,892-450-2540,402,2024-02-11 05:31:19
403,Pansy,Dunkerley,pdunkerleyb6@mashable.com,292-311-8987,403,2024-01-25 21:56:03
404,Maegan,Gidden,mgiddenb7@oracle.com,792-270-6334,404,2024-10-23 10:50:45
405,Nevin,Sellwood,nsellwoodb8@uiuc.edu,423-125-9651,405,2024-11-17 01:34:29
406,Cord,Caudell,ccaudellb9@uol.com.br,404-241-3170,406,2024-03-16 08:37:29
407,Ettie,Howford,ehowfordba@amazonaws.com,419-582-1645,407,2024-08-10 08:45:19
408,Norrie,Jakolevitch,njakolevitchbb@tuttocitta.it,849-502-8727,408,2024-05-30 10:23:53
409,Shina,De Courtney,sdecourtneybc@unicef.org,964-566-8689,409,2024-01-22 11:32:34
410,Fionna,Laver,flaverbd@theglobeandmail.com,376-914-3037,410,2024-07-22 21:01:49
411,Federica,Lawly,flawlybe@liveinternet.ru,484-942-9477,411,2024-04-03 02:26:25
412,Rudyard,Thorald,rthoraldbf@indiatimes.com,452-122-1337,412,2024-03-20 22:00:32
413,Parry,Cristofano,pcristofanobg@facebook.com,163-296-1230,413,2024-05-22 01:13:23
414,Tye,Joselson,tjoselsonbh@cbslocal.com,816-439-7795,414,2024-11-25 03:53:35
415,Janna,Dorman,jdormanbi@merriam-webster.com,609-885-8820,415,2024-01-04 08:42:26
416,Trenton,Luffman,tluffmanbj@squidoo.com,139-217-3462,416,2024-10-17 08:07:31
417,Cesya,Platts,cplattsbk@weebly.com,725-261-5284,417,2024-10-28 04:26:39
418,Editha,Vasse,evassebl@illinois.edu,793-405-1474,418,2024-05-15 03:33:18
419,Sibby,Piniur,spiniurbm@alexa.com,331-350-5131,419,2024-12-12 07:28:03
420,Lianna,Tinghill,ltinghillbn@flickr.com,843-405-7568,420,2024-08-24 04:13:41
421,Filippa,Gammons,fgammonsbo@g.co,779-895-2104,421,2024-04-03 22:18:54
422,Dania,Balsdone,dbalsdonebp@redcross.org,788-134-1758,422,2024-07-08 10:04:07
423,Noelyn,Archbold,narchboldbq@ycombinator.com,535-228-4780,423,2024-04-16 14:16:18
424,Garv,Sproat,gsproatbr@boston.com,816-764-4536,424,2024-05-05 11:20:04
425,Lilli,Geering,lgeeringbs@cmu.edu,586-471-7146,425,2024-11-22 12:46:12
426,Melinde,Pates,mpatesbt@washingtonpost.com,636-718-8673,426,2024-04-04 23:18:34
427,Royall,Clare,rclarebu@dmoz.org,598-900-2749,427,2024-12-09 13:20:57
428,Garnette,Bunclark,gbunclarkbv@gizmodo.com,666-808-4572,428,2024-03-26 15:28:02
429,Eliot,Rozenbaum,erozenbaumbw@examiner.com,314-876-1535,429,2024-03-12 19:04:11
430,Dode,Rookesby,drookesbybx@google.com.br,617-440-2130,430,2024-11-08 09:22:34
431,Geneva,Josefsohn,gjosefsohnby@who.int,694-523-6126,431,2024-02-25 16:09:10
432,Arie,Alloway,aallowaybz@sciencedaily.com,498-338-9950,432,2024-03-13 01:07:03
433,Haslett,Physic,hphysicc0@yolasite.com,198-229-4896,433,2024-04-29 11:32:28
434,Claire,Stanyan,cstanyanc1@blogspot.com,193-607-4711,434,2024-06-07 04:37:09
435,Abner,Finby,afinbyc2@hp.com,434-769-0285,435,2024-05-24 03:16:03
436,Nona,Vicent,nvicentc3@sciencedaily.com,218-991-4279,436,2024-11-22 02:09:39
437,Gabriella,Burriss,gburrissc4@google.nl,928-423-0019,437,2024-09-18 05:12:07
438,Merna,Fiennes,mfiennesc5@vinaora.com,267-500-1736,438,2024-08-28 12:35:47
439,Angie,Weekes,aweekesc6@opensource.org,308-418-0539,439,2024-10-31 11:28:26
440,Mirabel,Tigner,mtignerc7@cisco.com,202-996-9352,440,2024-10-14 05:01:26
441,Georgette,Kollasch,gkollaschc8@japanpost.jp,901-728-7629,441,2024-06-20 00:21:16
442,Madalena,Kleisle,mkleislec9@mayoclinic.com,154-529-5516,442,2024-11-23 21:31:52
443,Craig,Orto,cortoca@nps.gov,987-571-5346,443,2024-01-30 05:49:26
444,Antonius,Keitch,akeitchcb@seesaa.net,647-134-9178,444,2024-10-02 13:08:33
445,Mathilde,Sowrah,msowrahcc@wordpress.com,477-291-6629,445,2024-03-03 04:40:02
446,Waring,Roblou,wrobloucd@latimes.com,473-246-2101,446,2024-01-10 17:33:04
447,Delbert,Hilbourne,dhilbournece@wordpress.com,158-137-2485,447,2024-01-18 14:08:29
448,Gan,Dorricott,gdorricottcf@prweb.com,666-885-2081,448,2024-08-27 16:58:25
449,Shirleen,Sindle,ssindlecg@surveymonkey.com,584-953-4761,449,2024-02-20 13:08:03
450,Bartlet,Rossiter,brossiterch@purevolume.com,659-678-0517,450,2024-10-30 11:38:36
451,Anitra,Bolesworth,abolesworthci@gravatar.com,203-601-3375,451,2024-09-07 01:59:01
452,Brita,Brideau,bbrideaucj@hud.gov,772-317-4219,452,2024-03-23 10:38:21
453,Ryley,Doucette,rdoucetteck@wp.com,956-627-6943,453,2024-11-29 08:16:27
454,Aland,Jerzykiewicz,ajerzykiewiczcl@jigsy.com,969-386-5637,454,2024-06-02 19:35:12
455,Brennan,Klee,bkleecm@rakuten.co.jp,103-520-5970,455,2024-03-13 23:28:29
456,Wenonah,Drayn,wdrayncn@uol.com.br,548-477-1570,456,2024-01-18 18:08:58
457,Culley,Crack,ccrackco@archive.org,479-974-5352,457,2024-12-01 03:35:06
458,Carey,Hallwell,challwellcp@unicef.org,163-113-5671,458,2024-05-30 18:28:05
459,Elbertina,Cazalet,ecazaletcq@homestead.com,333-488-8201,459,2024-11-18 13:37:22
460,Coreen,Jorn,cjorncr@icq.com,523-116-7448,460,2024-04-27 16:42:40
461,Kordula,Duff,kduffcs@ox.ac.uk,687-138-7302,461,2024-06-24 02:50:49
462,Remington,Damarell,rdamarellct@a8.net,334-228-0518,462,2024-08-18 13:48:49
463,Shelli,Barden,sbardencu@ucsd.edu,892-919-7778,463,2024-03-30 07:24:25
464,Janet,Craft,jcraftcv@examiner.com,431-731-2348,464,2024-04-10 13:56:08
465,Sybil,MacKibbon,smackibboncw@weibo.com,853-832-2926,465,2024-07-11 16:47:06
466,Beverlee,Gronow,bgronowcx@tumblr.com,940-247-2401,466,2024-08-12 14:01:29
467,Lavena,Sidebottom,lsidebottomcy@geocities.jp,323-579-0858,467,2023-12-30 15:24:58
468,Marten,Kits,mkitscz@google.co.jp,651-931-3239,468,2024-02-25 02:50:34
469,Giulio,Banbrook,gbanbrookd0@dyndns.org,828-609-7014,469,2024-05-10 16:54:19
470,Shanda,Ellwood,sellwoodd1@w3.org,386-144-9137,470,2024-05-12 04:27:33
471,Lisette,Greenland,lgreenlandd2@ihg.com,746-546-3531,471,2024-09-12 00:21:08
472,Teodor,Bagshawe,tbagshawed3@engadget.com,630-522-3990,472,2024-06-19 09:15:48
473,Quentin,Warrilow,qwarrilowd4@aol.com,133-984-6904,473,2024-04-09 11:39:36
474,Mikol,Ellissen,mellissend5@reverbnation.com,971-227-3384,474,2024-11-08 23:47:34
475,Everard,Zecchini,ezecchinid6@jugem.jp,751-650-2567,475,2024-05-01 00:16:42
476,Cordy,Peele,cpeeled7@cnn.com,636-372-3688,476,2024-01-09 04:11:16
477,Giustina,Kliment,gklimentd8@utexas.edu,348-751-9048,477,2024-03-31 20:01:30
478,Von,Aspole,vaspoled9@vistaprint.com,841-179-2290,478,2024-09-01 22:45:53
479,Turner,Carbery,tcarberyda@scribd.com,139-406-1146,479,2024-11-10 23:54:22
480,Winnie,Crossgrove,wcrossgrovedb@admin.ch,183-572-4214,480,2024-07-15 05:42:57
481,Crichton,Mateiko,cmateikodc@cmu.edu,571-141-9132,481,2024-11-09 09:20:51
482,Terry,Fennell,tfennelldd@nifty.com,558-590-6321,482,2024-04-03 09:35:04
483,Rodolfo,Bredee,rbredeede@businessweek.com,972-380-0734,483,2024-07-03 11:56:13
484,Percy,Ingyon,pingyondf@lycos.com,666-386-2251,484,2024-12-14 09:27:26
485,Winfred,Prantl,wprantldg@plala.or.jp,870-433-4822,485,2024-09-29 09:53:43
486,Alicia,Greenwell,agreenwelldh@census.gov,272-952-4972,486,2024-07-17 17:25:33
487,Jessika,Harlock,jharlockdi@epa.gov,432-407-2078,487,2024-02-05 08:32:01
488,Yancy,Blore,ybloredj@prlog.org,228-325-8215,488,2024-10-13 05:56:34
489,De,Gothliff,dgothliffdk@cbc.ca,612-106-9585,489,2024-06-25 12:32:30
490,Jerrie,Severns,jsevernsdl@bravesites.com,694-931-8725,490,2024-09-28 22:08:46
491,Starla,Capun,scapundm@wikia.com,235-987-8828,491,2024-05-28 13:23:33
492,Pascale,Lockless,plocklessdn@macromedia.com,783-176-9794,492,2024-07-27 02:03:05
493,Tawnya,Hassur,thassurdo@shareasale.com,749-744-7699,493,2024-10-19 19:05:43
494,Gunter,Purple,gpurpledp@myspace.com,580-826-0907,494,2024-11-13 12:36:33
495,Sophi,Emlin,semlindq@slate.com,284-408-6556,495,2024-12-12 18:42:29
496,Andreana,Cootes,acootesdr@mozilla.org,460-843-9023,496,2024-01-18 11:52:05
497,Carny,Gaunter,cgaunterds@craigslist.org,151-113-3127,497,2024-04-18 19:43:07
498,Lin,Lalor,llalordt@netscape.com,215-153-1140,498,2024-06-11 03:11:12
499,Elroy,MacGillicuddy,emacgillicuddydu@princeton.edu,167-845-1015,499,2024-10-23 12:25:23
500,Hugh,Donett,hdonettdv@dot.gov,803-289-9963,500,2024-11-24 23:04:39
501,Elfrida,Saull,esaulldw@umich.edu,725-510-6247,501,2024-08-29 05:02:50
502,Carmita,Seefeldt,cseefeldtdx@alibaba.com,859-827-3611,502,2024-02-13 10:34:57
503,Nicky,Dark,ndarkdy@mlb.com,123-159-9246,503,2024-11-02 18:25:51
504,Georgine,Richt,grichtdz@themeforest.net,422-985-2110,504,2024-01-29 04:21:05
505,Christean,Hawsby,chawsbye0@boston.com,692-566-0189,505,2024-01-26 22:45:20
506,Mylo,Schule,mschulee1@upenn.edu,247-127-9730,506,2023-12-29 11:39:38
507,Nolan,Manlow,nmanlowe2@diigo.com,504-578-2382,507,2024-02-23 15:36:26
508,Minna,Becerra,mbecerrae3@constantcontact.com,114-595-0501,508,2024-01-26 22:31:07
509,Caz,Millis,cmillise4@ovh.net,281-276-5482,509,2024-11-20 00:27:26
510,Keary,Becarra,kbecarrae5@si.edu,672-639-2947,510,2024-06-07 21:12:38
511,Earle,Purton,epurtone6@comsenz.com,784-933-1258,511,2024-06-24 18:22:31
512,Maurizio,Clemenson,mclemensone7@merriam-webster.com,251-817-7621,512,2024-08-16 07:51:44
513,Aundrea,Bassill,abassille8@ovh.net,813-844-8665,513,2024-06-01 00:47:30
514,Joellen,Clineck,jclinecke9@imdb.com,429-199-4655,514,2024-08-05 21:31:23
515,Karlyn,Trotter,ktrotterea@blogtalkradio.com,453-673-9768,515,2024-03-21 20:46:21
516,Karylin,Lorrain,klorraineb@youku.com,100-978-0303,516,2024-02-07 10:59:58
517,Tracey,Dibdale,tdibdaleec@time.com,489-182-7852,517,2023-12-28 09:55:00
518,Drucill,McFarlan,dmcfarlaned@oaic.gov.au,772-962-4530,518,2024-12-17 19:58:38
519,Bryna,Besnard,bbesnardee@freewebs.com,384-479-3238,519,2024-01-05 00:07:59
520,Wren,Shuker,wshukeref@apple.com,883-621-6304,520,2024-12-24 08:11:42
521,Linell,Atton,lattoneg@loc.gov,914-661-2098,521,2024-07-25 13:38:38
522,Torry,Feirn,tfeirneh@dailymail.co.uk,343-776-4598,522,2024-09-14 09:22:11
523,Sashenka,Ander,sanderei@springer.com,970-307-1434,523,2024-01-09 04:56:28
524,Hamel,Sharland,hsharlandej@stanford.edu,461-185-0846,524,2024-12-19 16:47:42
525,Charmine,Terne,cterneek@ted.com,704-883-0852,525,2024-04-22 21:52:23
526,Adham,Carlsson,acarlssonel@homestead.com,169-979-7944,526,2024-02-14 16:53:45
527,Angelika,Aveson,aavesonem@livejournal.com,455-464-5744,527,2024-12-02 06:18:51
528,Alf,Tacey,ataceyen@freewebs.com,111-472-3026,528,2024-03-08 00:37:03
529,Rochester,Gay,rgayeo@nature.com,479-544-4277,529,2024-12-07 13:03:06
530,Pall,Marcinkus,pmarcinkusep@google.co.jp,855-507-3625,530,2024-04-02 03:34:25
531,Dur,Ingledew,dingledeweq@elegantthemes.com,269-836-4962,531,2024-11-15 17:52:04
532,Flossi,Olivello,folivelloer@home.pl,474-129-3413,532,2024-03-15 17:30:42
533,Sharlene,Reaney,sreaneyes@stumbleupon.com,249-441-1644,533,2024-03-26 04:54:20
534,Shem,Joyes,sjoyeset@yellowpages.com,400-688-2020,534,2024-12-01 18:09:45
535,Alfred,Nollet,anolleteu@time.com,401-421-4798,535,2024-05-06 09:19:41
536,Baird,Rosengarten,brosengartenev@sitemeter.com,911-694-6828,536,2024-05-16 09:00:53
537,Trudey,Foxall,tfoxallew@lycos.com,985-857-8899,537,2024-07-18 00:31:35
538,Tallie,Walkinshaw,twalkinshawex@ycombinator.com,972-526-0100,538,2024-08-09 09:29:30
539,Darsey,Byneth,dbynethey@house.gov,424-834-4138,539,2024-06-02 13:50:15
540,Weidar,Wilber,wwilberez@umich.edu,949-699-5922,540,2024-06-04 07:21:38
541,Codi,Tow,ctowf0@gizmodo.com,676-113-8460,541,2024-07-12 13:56:32
542,Alison,Kaemena,akaemenaf1@adobe.com,752-657-7075,542,2024-02-26 22:40:53
543,Martina,Renihan,mrenihanf2@live.com,898-363-7936,543,2024-08-09 19:55:01
544,Ronny,Kilduff,rkildufff3@vistaprint.com,966-492-4886,544,2024-07-25 00:36:46
545,Pincas,Tabourier,ptabourierf4@who.int,758-216-9831,545,2024-05-22 08:29:48
546,Noel,Nickols,nnickolsf5@princeton.edu,541-844-0260,546,2024-05-30 02:04:35
547,Yolane,Kener,ykenerf6@sun.com,836-696-0623,547,2024-05-13 17:19:53
548,Krissie,Petronis,kpetronisf7@digg.com,108-581-2038,548,2024-10-10 11:36:05
549,Merridie,Berzon,mberzonf8@nhs.uk,292-265-0357,549,2024-01-04 19:33:17
550,Valentine,Pinckard,vpinckardf9@craigslist.org,619-541-7115,550,2024-01-17 12:50:57
551,Tera,Lauthian,tlauthianfa@issuu.com,691-311-9683,551,2024-10-14 11:19:38
552,Betty,Tomaskunas,btomaskunasfb@dot.gov,112-208-3706,552,2024-07-16 09:33:12
553,Hagan,Robet,hrobetfc@cmu.edu,738-522-8026,553,2024-05-18 00:23:00
554,Stevena,Glabach,sglabachfd@themeforest.net,842-993-8483,554,2024-12-19 16:39:09
555,Tally,Rolling,trollingfe@1688.com,104-546-8874,555,2024-01-06 01:01:11
556,Stanleigh,Kenninghan,skenninghanff@over-blog.com,818-849-7062,556,2024-05-01 17:03:55
557,Greg,Driver,gdriverfg@feedburner.com,879-501-4008,557,2024-12-07 11:07:16
558,Charin,Jerschke,cjerschkefh@biblegateway.com,339-782-2441,558,2024-12-02 16:38:45
559,Madalyn,Sirl,msirlfi@apple.com,643-695-5790,559,2024-05-26 20:28:03
560,Torr,Mingasson,tmingassonfj@wunderground.com,583-240-9499,560,2024-08-07 02:07:50
561,Stacy,Mourant,smourantfk@dot.gov,501-576-3788,561,2024-10-05 00:57:14
562,Roxine,Phetteplace,rphetteplacefl@weebly.com,997-158-1204,562,2024-06-10 21:44:40
563,Whitaker,Howarth,whowarthfm@icio.us,728-911-8366,563,2024-10-15 23:46:09
564,Brad,Comiskey,bcomiskeyfn@usnews.com,489-143-4337,564,2024-10-12 18:00:18
565,Merill,Aizic,maizicfo@cornell.edu,703-835-3891,565,2024-09-13 14:13:06
566,Ferdinand,Ionesco,fionescofp@noaa.gov,488-318-0794,566,2024-03-19 17:06:20
567,Zelig,Vala,zvalafq@craigslist.org,883-213-6586,567,2024-04-10 21:41:04
568,Wendall,Eubank,weubankfr@webeden.co.uk,594-870-1013,568,2024-12-15 13:19:37
569,Inglis,Harrington,iharringtonfs@harvard.edu,822-640-7119,569,2024-11-13 11:40:47
570,Risa,Braybrookes,rbraybrookesft@salon.com,858-369-1525,570,2024-03-19 07:58:53
571,Drusie,Gocher,dgocherfu@jalbum.net,839-575-6006,571,2024-12-17 09:07:02
572,Phebe,Soitoux,psoitouxfv@wix.com,235-427-2780,572,2024-10-28 19:00:18
573,Kynthia,Screase,kscreasefw@telegraph.co.uk,395-581-5221,573,2024-01-11 00:47:14
574,Englebert,Marti,emartifx@sakura.ne.jp,665-427-4978,574,2024-08-11 07:12:39
575,Dimitri,Dhennin,ddhenninfy@sourceforge.net,395-586-4983,575,2024-07-12 21:07:19
576,Cyrill,Benech,cbenechfz@dedecms.com,450-842-0464,576,2024-01-11 10:38:51
577,Timothy,Torbett,ttorbettg0@flavors.me,292-758-9330,577,2024-09-01 20:19:57
578,Myron,Maidstone,mmaidstoneg1@fc2.com,280-686-1084,578,2024-05-04 13:34:04
579,Dwain,Bilbrooke,dbilbrookeg2@sfgate.com,703-465-4386,579,2024-12-08 05:15:36
580,Bastian,Surman-Wells,bsurmanwellsg3@dyndns.org,570-276-4496,580,2024-01-27 23:49:35
581,Alexander,Paddington,apaddingtong4@t.co,816-638-1201,581,2024-07-01 21:18:33
582,Fran,McQuorkell,fmcquorkellg5@springer.com,868-795-8689,582,2024-04-06 06:59:52
583,Gus,Rosenshine,grosenshineg6@merriam-webster.com,801-894-4283,583,2024-04-07 16:52:18
584,Chelsie,Gilhoolie,cgilhoolieg7@naver.com,881-171-9870,584,2024-01-12 06:04:30
585,Kata,Carsey,kcarseyg8@whitehouse.gov,486-183-0096,585,2024-02-18 14:06:40
586,Tye,Portis,tportisg9@last.fm,391-797-9857,586,2024-12-07 23:05:53
587,Jo,Bertolaccini,jbertolacciniga@nytimes.com,772-678-1580,587,2024-07-19 13:24:08
588,Cal,Tween,ctweengb@163.com,922-974-4876,588,2024-02-13 05:02:01
589,Lucita,Wordsworth,lwordsworthgc@google.co.jp,517-864-6125,589,2024-10-10 09:58:12
590,Mandi,Lewsy,mlewsygd@paypal.com,319-680-1006,590,2024-09-08 02:55:57
591,Deonne,Curwen,dcurwenge@purevolume.com,412-861-3589,591,2024-11-19 14:15:13
592,Stearn,Jessep,sjessepgf@simplemachines.org,372-978-0226,592,2024-05-24 08:17:11
593,Suzy,Blackwell,sblackwellgg@ihg.com,964-871-7354,593,2024-10-13 12:47:01
594,Cristy,Goodbur,cgoodburgh@bigcartel.com,730-755-5878,594,2024-01-14 19:02:23
595,Genvieve,Leatherbarrow,gleatherbarrowgi@zimbio.com,342-823-0233,595,2024-01-08 18:44:04
596,Danit,Toping,dtopinggj@topsy.com,472-991-6821,596,2024-08-29 01:00:33
597,Goldy,Lambersen,glambersengk@addtoany.com,331-889-1589,597,2024-07-17 00:44:10
598,Skipp,Woodrup,swoodrupgl@china.com.cn,835-552-7483,598,2024-03-27 00:26:29
599,Adel,Bartomieu,abartomieugm@skyrock.com,596-699-9957,599,2024-09-16 19:50:35
600,Rey,Ord,rordgn@auda.org.au,825-872-6370,600,2024-09-17 23:40:19
601,Hadleigh,Skrines,hskrinesgo@moonfruit.com,283-766-9347,601,2024-02-23 13:03:17
602,Shaine,Brinkley,sbrinkleygp@macromedia.com,369-743-4722,602,2024-07-29 07:27:22
603,Barri,Mathews,bmathewsgq@dailymotion.com,989-971-3710,603,2024-07-02 18:56:15
604,Gael,Inglese,ginglesegr@icio.us,509-216-1182,604,2024-01-24 15:25:25
605,Edik,Cato,ecatogs@washingtonpost.com,839-240-3761,605,2024-06-01 16:56:17
606,Sandie,Lob,slobgt@theglobeandmail.com,529-908-9601,606,2024-02-06 15:16:54
607,Meryl,Kuschel,mkuschelgu@diigo.com,187-688-6568,607,2024-01-04 18:26:34
608,Leonidas,O'Donohue,lodonohuegv@bravesites.com,811-785-6414,608,2024-11-18 05:43:30
609,Maje,Rogliero,mroglierogw@princeton.edu,670-459-3532,609,2024-11-02 14:42:45
610,Moore,Woodfin,mwoodfingx@gizmodo.com,897-373-2824,610,2024-02-16 21:38:20
611,Chickie,Barwood,cbarwoodgy@chicagotribune.com,440-467-3747,611,2024-09-04 23:55:18
612,Clovis,Fortey,cforteygz@google.fr,161-200-4077,612,2024-11-23 20:11:05
613,Lethia,Gleeson,lgleesonh0@aol.com,781-899-7039,613,2023-12-27 05:59:14
614,Laurie,Cottey,lcotteyh1@google.ca,283-799-4340,614,2024-01-03 14:46:01
615,Constantine,Dargavel,cdargavelh2@nymag.com,654-878-5970,615,2024-10-20 23:17:24
616,Gerhardt,Reven,grevenh3@163.com,796-854-7295,616,2024-04-02 03:28:32
617,Rogers,Bardey,rbardeyh4@virginia.edu,516-811-6620,617,2024-04-04 10:59:26
618,Filip,Brandli,fbrandlih5@ucoz.ru,832-315-9501,618,2024-09-30 20:59:31
619,Ronalda,Mosley,rmosleyh6@sakura.ne.jp,440-784-5510,619,2024-09-28 21:51:50
620,Janette,Sandom,jsandomh7@nba.com,980-663-8351,620,2024-04-28 22:19:01
621,Minerva,Tremblay,mtremblayh8@home.pl,506-818-5754,621,2024-06-08 05:25:13
622,Sharlene,Alldis,salldish9@cbsnews.com,395-491-3125,622,2024-11-08 07:52:16
623,Wynny,Mafham,wmafhamha@youku.com,101-284-7462,623,2024-01-23 06:10:09
624,Esme,Learoyde,elearoydehb@tripadvisor.com,359-742-8241,624,2024-05-04 20:29:10
625,Janeta,Jessopp,jjessopphc@cocolog-nifty.com,668-612-1321,625,2024-06-29 11:19:20
626,Dacy,Pinnick,dpinnickhd@shop-pro.jp,829-831-8932,626,2024-01-17 12:20:13
627,Michaelina,Planke,mplankehe@skype.com,565-995-4249,627,2023-12-29 13:03:52
628,Nariko,Hopkins,nhopkinshf@is.gd,503-591-0824,628,2024-07-12 02:26:38
629,Iris,Spolton,ispoltonhg@howstuffworks.com,815-297-3025,629,2024-03-02 22:23:25
630,Berkley,Margram,bmargramhh@yelp.com,352-483-0465,630,2024-02-01 02:08:34
631,Lyda,Cohane,lcohanehi@time.com,701-109-4991,631,2024-03-25 13:32:05
632,Adams,Duncan,aduncanhj@home.pl,827-423-8170,632,2024-05-03 00:23:13
633,Daniele,Whitfeld,dwhitfeldhk@moonfruit.com,448-345-3492,633,2024-01-15 11:25:37
634,Silvia,Lafee,slafeehl@princeton.edu,950-468-6493,634,2024-11-23 18:42:15
635,Koenraad,Doleman,kdolemanhm@edublogs.org,792-800-2062,635,2024-09-07 14:06:03
636,Marcile,McGann,mmcgannhn@buzzfeed.com,489-366-8463,636,2024-10-13 22:31:36
637,Hermie,Pfeffer,hpfefferho@gov.uk,783-837-5644,637,2024-03-30 08:18:43
638,Lezley,Morrill,lmorrillhp@e-recht24.de,345-764-8869,638,2024-07-27 17:56:59
639,Simon,Zarb,szarbhq@google.com.au,889-623-3486,639,2024-05-26 11:51:43
640,Isabelita,Aireton,iairetonhr@wikia.com,271-616-1908,640,2024-11-23 23:38:35
641,Rad,Beller,rbellerhs@blogs.com,505-580-7680,641,2024-02-03 16:37:27
642,Mitchael,Fleay,mfleayht@google.es,681-985-1176,642,2024-03-28 09:47:02
643,Philis,Jurkiewicz,pjurkiewiczhu@senate.gov,509-105-4397,643,2023-12-26 22:48:02
644,Inger,Alliban,iallibanhv@wunderground.com,308-637-9115,644,2024-06-22 22:28:35
645,Killian,Seville,ksevillehw@telegraph.co.uk,609-875-2870,645,2024-08-04 11:49:25
646,Dar,Casbourne,dcasbournehx@patch.com,371-502-8722,646,2024-06-07 11:10:34
647,Jillane,Lindsey,jlindseyhy@meetup.com,961-868-4828,647,2024-08-04 10:31:39
648,Duffy,Overland,doverlandhz@feedburner.com,507-442-5564,648,2024-09-08 18:28:07
649,Virgina,Lowis,vlowisi0@homestead.com,165-653-0304,649,2024-04-06 14:19:08
650,Elsi,Kettlestringes,ekettlestringesi1@google.pl,494-881-7709,650,2024-11-15 15:12:11
651,Jonis,Label,jlabeli2@livejournal.com,408-993-3417,651,2024-01-10 03:43:47
652,Michal,Trevett,mtrevetti3@forbes.com,464-621-0935,652,2024-06-08 21:40:38
653,Gothart,MacDermand,gmacdermandi4@sun.com,844-811-6729,653,2024-09-10 00:32:49
654,Boote,Gligoraci,bgligoracii5@google.de,273-200-6134,654,2024-05-22 13:21:27
655,Brandice,Satch,bsatchi6@omniture.com,595-345-4528,655,2024-06-04 12:20:21
656,Verine,Lamperti,vlampertii7@ifeng.com,353-807-9533,656,2024-11-12 11:15:13
657,Blondy,Fillingham,bfillinghami8@addthis.com,551-332-4075,657,2024-06-24 19:22:31
658,Godart,Clemits,gclemitsi9@tiny.cc,933-750-9143,658,2024-11-17 19:41:28
659,Murry,Saywood,msaywoodia@t-online.de,434-213-7535,659,2024-08-02 05:38:38
660,Matty,Fishly,mfishlyib@yandex.ru,122-939-1058,660,2024-07-11 22:09:02
661,Corella,Rice,criceic@digg.com,568-998-1234,661,2024-08-08 10:22:56
662,Maurine,Klewi,mklewiid@instagram.com,672-473-0031,662,2024-08-24 02:14:14
663,Imojean,Dax,idaxie@alibaba.com,705-822-7183,663,2024-01-04 09:23:34
664,Ric,Bouldstridge,rbouldstridgeif@freewebs.com,439-968-2898,664,2024-04-18 07:41:07
665,Afton,Newlands,anewlandsig@51.la,615-492-0099,665,2024-06-02 16:13:05
666,Elwira,Edbrooke,eedbrookeih@mac.com,158-483-9294,666,2024-06-20 23:45:55
667,Benoite,Stuther,bstutherii@amazon.com,196-275-0423,667,2024-11-28 09:23:42
668,Hussein,Tolman,htolmanij@xinhuanet.com,262-113-6663,668,2024-02-17 15:39:41
669,Johnny,Whitaker,jwhitakerik@reverbnation.com,909-748-4193,669,2024-07-16 02:03:21
670,Daron,Brundell,dbrundellil@theatlantic.com,375-270-5100,670,2024-07-29 08:31:19
671,Nolly,Giblin,ngiblinim@github.com,324-509-9564,671,2024-05-11 07:32:31
672,Dore,Bankes,dbankesin@twitpic.com,751-269-5084,672,2024-02-03 11:10:30
673,Danny,Tremouille,dtremouilleio@hud.gov,431-917-5151,673,2024-01-25 10:15:08
674,Iago,Poole,ipooleip@meetup.com,402-817-6896,674,2024-05-06 18:39:27
675,Quinn,Cayton,qcaytoniq@bandcamp.com,696-229-6221,675,2024-03-11 04:03:04
676,Roderic,Jacobowits,rjacobowitsir@springer.com,650-526-0755,676,2024-07-17 10:42:25
677,Aretha,Kik,akikis@weebly.com,321-425-5887,677,2024-09-16 04:24:23
678,Salli,Gauchier,sgauchierit@networkadvertising.org,542-665-8567,678,2024-08-16 05:53:06
679,Brier,Henden,bhendeniu@noaa.gov,160-176-9821,679,2024-06-08 05:19:26
680,Ulrike,Neylan,uneylaniv@eventbrite.com,758-970-6921,680,2024-10-05 14:02:56
681,Kylie,Snazel,ksnazeliw@example.com,117-582-6380,681,2024-05-24 21:37:03
682,Bourke,Helwig,bhelwigix@ucoz.com,213-999-5520,682,2024-07-14 06:29:50
683,Fidela,Greenshields,fgreenshieldsiy@clickbank.net,484-554-4780,683,2024-05-10 21:29:27
684,Reggis,Capstake,rcapstakeiz@about.me,811-749-6652,684,2024-06-23 22:02:40
685,Celisse,Blinckhorne,cblinckhornej0@flickr.com,273-725-0199,685,2024-07-18 09:42:47
686,Bartie,Rubartelli,brubartellij1@yale.edu,374-979-8351,686,2024-04-15 21:09:41
687,Emylee,Mackin,emackinj2@amazon.co.jp,278-411-0057,687,2024-09-17 00:20:58
688,Alisander,Starcks,astarcksj3@woothemes.com,941-783-9704,688,2024-03-29 22:12:35
689,Cornelia,Colvie,ccolviej4@sakura.ne.jp,601-867-7442,689,2024-03-11 02:12:24
690,Gibbie,Kierans,gkieransj5@livejournal.com,576-786-1072,690,2024-02-26 09:47:53
691,Shepherd,Autrie,sautriej6@uol.com.br,295-144-8678,691,2024-08-10 15:59:33
692,Gardener,Conachy,gconachyj7@live.com,508-599-3340,692,2024-05-23 04:00:30
693,Jorrie,Cassella,jcassellaj8@over-blog.com,170-585-5227,693,2024-08-24 16:32:32
694,Billi,Le Port,bleportj9@indiegogo.com,923-597-2207,694,2024-08-06 07:05:39
695,Roxane,Wasylkiewicz,rwasylkiewiczja@ucsd.edu,912-689-3359,695,2024-06-18 19:24:53
696,Avivah,Isaksen,aisaksenjb@princeton.edu,647-773-5169,696,2024-04-14 08:31:46
697,Skell,Daleman,sdalemanjc@google.com.au,913-795-8738,697,2024-10-06 23:36:42
698,Clemens,Le Monnier,clemonnierjd@twitter.com,344-755-1172,698,2024-07-09 08:20:12
699,Selby,Boriston,sboristonje@berkeley.edu,749-650-7272,699,2024-05-30 16:11:21
700,Packston,Danielsohn,pdanielsohnjf@canalblog.com,286-654-7390,700,2024-05-04 04:42:16
701,Camella,Betje,cbetjejg@dropbox.com,794-975-1429,701,2024-09-09 09:22:36
702,Gayle,Alelsandrowicz,galelsandrowiczjh@unblog.fr,398-133-9049,702,2024-01-07 03:55:55
703,Cherice,Gillbard,cgillbardji@tripod.com,497-390-2726,703,2023-12-26 09:16:43
704,Meredithe,Brewers,mbrewersjj@omniture.com,755-516-7078,704,2024-09-30 22:37:28
705,Penny,Roggeman,proggemanjk@tumblr.com,384-929-4758,705,2024-02-04 13:14:38
706,Adela,Birchett,abirchettjl@cdc.gov,662-265-9772,706,2024-11-16 10:13:40
707,Errick,Turbern,eturbernjm@accuweather.com,690-746-6115,707,2024-11-18 15:16:49
708,Carlota,Greetham,cgreethamjn@addthis.com,308-528-3096,708,2024-03-11 18:10:54
709,Inness,Domotor,idomotorjo@loc.gov,487-908-1044,709,2024-09-12 22:51:24
710,Kennedy,Whorf,kwhorfjp@exblog.jp,283-591-3863,710,2024-05-23 10:01:36
711,Clarke,Oloman,colomanjq@spotify.com,371-603-1473,711,2024-07-05 08:20:55
712,Caralie,Tuckwood,ctuckwoodjr@foxnews.com,763-759-5330,712,2024-03-12 20:36:07
713,Briney,Bulpitt,bbulpittjs@wp.com,144-465-4904,713,2024-12-17 05:34:50
714,Wittie,Baccup,wbaccupjt@alexa.com,104-553-3776,714,2024-12-12 09:29:14
715,Arabella,Guidotti,aguidottiju@comsenz.com,652-904-0057,715,2024-11-16 06:49:56
716,Elsa,Cutbirth,ecutbirthjv@hud.gov,453-297-7521,716,2024-01-23 11:56:51
717,Maybelle,Polsin,mpolsinjw@adobe.com,321-756-1766,717,2024-11-10 02:47:01
718,Arther,Hovell,ahovelljx@diigo.com,643-214-9009,718,2024-09-12 09:00:28
719,Trula,Perdue,tperduejy@cisco.com,535-948-1479,719,2024-01-18 13:03:15
720,Phelia,Grocock,pgrocockjz@icio.us,762-566-5940,720,2024-10-05 10:46:48
721,Jaimie,Attwoull,jattwoullk0@businesswire.com,850-167-9648,721,2024-09-24 15:36:58
722,Hakeem,Giovanni,hgiovannik1@google.com,389-202-7152,722,2024-01-25 08:00:09
723,Matteo,Glader,mgladerk2@exblog.jp,993-720-0719,723,2024-02-19 08:46:20
724,Bertram,Carriage,bcarriagek3@washington.edu,935-450-3035,724,2024-08-03 22:22:31
725,Leigh,Rossbrook,lrossbrookk4@ning.com,602-156-7051,725,2024-02-28 10:01:28
726,Johannah,Tinn,jtinnk5@thetimes.co.uk,863-399-2218,726,2024-06-27 22:41:09
727,Bruce,Gobel,bgobelk6@soup.io,865-261-7893,727,2024-03-07 16:02:09
728,Friedrich,Stading,fstadingk7@xing.com,408-766-9252,728,2024-09-22 19:29:44
729,Jane,Neubigin,jneubigink8@rediff.com,612-677-8014,729,2024-06-10 01:21:42
730,Corey,Bellenger,cbellengerk9@free.fr,204-631-5673,730,2024-12-18 03:22:38
731,Devonne,Gallihawk,dgallihawkka@wordpress.com,648-552-3176,731,2024-11-15 06:05:18
732,Vivia,Ledrane,vledranekb@theguardian.com,893-137-0521,732,2024-03-23 03:20:58
733,Taddeusz,Jarry,tjarrykc@51.la,940-166-9142,733,2024-09-14 12:30:24
734,Livy,Isoldi,lisoldikd@youku.com,584-573-9177,734,2024-11-16 03:41:51
735,Jared,Seares,jseareske@com.com,706-516-0695,735,2024-07-18 21:25:00
736,Carlynne,Flann,cflannkf@guardian.co.uk,921-400-5616,736,2024-05-05 06:53:03
737,Cherianne,Jakucewicz,cjakucewiczkg@about.me,944-836-2142,737,2024-04-11 19:42:48
738,Allissa,Regardsoe,aregardsoekh@wikia.com,483-429-6833,738,2024-09-20 09:26:02
739,Fabe,Lalley,flalleyki@shinystat.com,133-240-4764,739,2024-03-07 07:08:19
740,Lanie,Langlais,llanglaiskj@sourceforge.net,694-504-0615,740,2024-06-17 14:43:57
741,Florella,Trustram,ftrustramkk@instagram.com,627-553-7047,741,2024-04-05 14:19:59
742,Eleanore,Fendlen,efendlenkl@wordpress.org,280-586-3559,742,2024-12-12 08:31:28
743,Arch,Brastead,abrasteadkm@weibo.com,487-573-4596,743,2024-04-27 06:18:10
744,Corena,Bairstow,cbairstowkn@netlog.com,878-377-7580,744,2024-07-14 22:25:12
745,Ennis,Doxey,edoxeyko@google.fr,133-918-3197,745,2024-12-21 06:40:52
746,Sula,Willshaw,swillshawkp@rambler.ru,655-977-1799,746,2024-02-16 14:15:30
747,Gus,Pepler,gpeplerkq@t-online.de,714-783-6168,747,2024-02-05 17:52:08
748,Perry,Howorth,phoworthkr@theatlantic.com,577-337-4115,748,2024-09-25 20:26:35
749,Estele,Fibbitts,efibbittsks@stanford.edu,247-334-5819,749,2024-01-22 02:12:13
750,Tomas,Castillou,tcastilloukt@com.com,700-125-6020,750,2024-09-30 09:37:45
751,Vivien,Saunper,vsaunperku@boston.com,999-334-9946,751,2024-04-03 23:14:41
752,Olivier,Hundey,ohundeykv@redcross.org,989-483-2635,752,2024-07-01 19:51:49
753,Esma,Keson,ekesonkw@smh.com.au,638-589-2267,753,2024-10-27 19:14:25
754,Dylan,Bosson,dbossonkx@theguardian.com,407-495-1460,754,2024-06-29 03:16:28
755,Granville,O'Regan,goreganky@washington.edu,721-970-8357,755,2024-06-26 09:44:32
756,Gwendolen,Catford,gcatfordkz@printfriendly.com,291-164-2166,756,2024-05-28 17:05:57
757,Lexine,Shapera,lshaperal0@adobe.com,780-157-0064,757,2024-10-19 03:08:19
758,Tremain,Ugoletti,tugolettil1@spiegel.de,966-289-7153,758,2024-01-03 06:27:31
759,Robbert,Magenny,rmagennyl2@usatoday.com,969-884-7251,759,2024-09-23 11:48:45
760,Cammie,Hilhouse,chilhousel3@rambler.ru,590-894-8136,760,2024-07-26 22:31:04
761,Gordon,Purrier,gpurrierl4@theglobeandmail.com,316-498-3220,761,2024-10-22 22:24:21
762,Viola,MacCahey,vmaccaheyl5@gravatar.com,568-277-5512,762,2024-01-04 20:48:27
763,Moll,Noorwood,mnoorwoodl6@fema.gov,749-550-4799,763,2024-08-23 12:23:28
764,Laureen,Dickons,ldickonsl7@g.co,970-336-6756,764,2024-04-21 04:16:35
765,Lisle,Dovey,ldoveyl8@wix.com,349-266-4983,765,2024-09-18 00:18:32
766,Skipper,Basketfield,sbasketfieldl9@goo.gl,544-345-1456,766,2024-07-07 23:20:15
767,Kacey,Horbart,khorbartla@chicagotribune.com,318-150-2359,767,2024-11-10 18:16:21
768,Millicent,Ridges,mridgeslb@tinyurl.com,367-153-4848,768,2024-07-16 13:53:45
769,Sean,Campling,scamplinglc@utexas.edu,286-519-9377,769,2024-03-05 17:39:10
770,Felicia,Haggarth,fhaggarthld@deviantart.com,751-737-5724,770,2024-09-15 22:06:23
771,Timmie,Cominetti,tcominettile@hud.gov,207-764-5921,771,2024-05-05 10:35:26
772,Felipa,Argyle,fargylelf@craigslist.org,478-787-8512,772,2024-12-17 23:47:12
773,Juliann,Maillard,jmaillardlg@usa.gov,507-958-6205,773,2024-04-06 19:00:24
774,Josselyn,Yard,jyardlh@i2i.jp,145-285-2035,774,2024-07-15 11:14:04
775,Manfred,Formoy,mformoyli@tripod.com,569-494-5689,775,2024-04-28 00:33:39
776,Delinda,Jumeau,djumeaulj@live.com,208-640-4227,776,2024-04-28 05:12:11
777,Mickie,Scough,mscoughlk@discuz.net,533-144-5605,777,2024-03-29 10:50:16
778,Malina,Reskelly,mreskellyll@nba.com,273-453-6800,778,2024-07-03 07:41:19
779,Heidie,Blindermann,hblindermannlm@paginegialle.it,632-862-8424,779,2024-03-23 23:05:54
780,Gaspard,Malyj,gmalyjln@columbia.edu,756-285-5606,780,2024-07-30 12:56:56
781,Cazzie,Bofield,cbofieldlo@nifty.com,349-809-0052,781,2024-02-03 21:44:21
782,Leone,Malacrida,lmalacridalp@upenn.edu,404-681-8409,782,2024-10-07 08:44:21
783,Aurthur,Phelipeau,aphelipeaulq@discovery.com,106-548-8219,783,2024-04-04 01:17:54
784,Keary,Robroe,krobroelr@businessweek.com,527-920-2517,784,2024-08-31 16:30:27
785,Giustino,Guiett,gguiettls@lulu.com,894-708-1349,785,2024-12-16 07:31:26
786,Helli,Horribine,hhorribinelt@blogtalkradio.com,894-463-7878,786,2024-09-10 06:34:02
787,Olympie,Dumberrill,odumberrilllu@reddit.com,108-991-3181,787,2024-10-21 17:21:37
788,Ursa,Wylder,uwylderlv@noaa.gov,916-325-9240,788,2024-01-08 20:53:12
789,Mario,Skotcher,mskotcherlw@google.es,995-641-8917,789,2024-02-29 13:59:47
790,Boone,Chitter,bchitterlx@si.edu,916-402-8450,790,2024-07-21 21:53:16
791,Darnall,Pentland,dpentlandly@harvard.edu,172-750-5098,791,2024-09-29 10:01:50
792,Malissa,Fairley,mfairleylz@twitter.com,945-670-2176,792,2024-03-13 19:47:20
793,Ingeborg,Sears,isearsm0@businesswire.com,550-277-1648,793,2024-11-12 18:55:57
794,Hamlin,Venes,hvenesm1@phoca.cz,422-324-4937,794,2024-02-09 02:54:34
795,Otha,Lazer,olazerm2@sina.com.cn,988-821-3115,795,2024-08-09 22:05:52
796,Greer,Udie,gudiem3@wikispaces.com,391-286-1078,796,2024-04-13 21:05:58
797,Bryanty,Martinets,bmartinetsm4@cbsnews.com,647-418-1630,797,2024-02-23 21:47:37
798,Flore,Mival,fmivalm5@linkedin.com,331-207-7441,798,2024-06-21 14:00:38
799,Raquela,Gaymer,rgaymerm6@harvard.edu,827-127-6147,799,2024-12-03 15:06:56
800,Guenna,Searles,gsearlesm7@mediafire.com,827-461-8119,800,2024-01-29 18:26:22
801,Shaina,Shugg,sshuggm8@simplemachines.org,203-317-5371,801,2024-02-09 01:00:35
802,Nerita,Vallens,nvallensm9@yale.edu,386-746-7174,802,2023-12-30 03:16:56
803,Pennie,Twinborne,ptwinbornema@time.com,426-909-7403,803,2024-05-08 10:58:49
804,Antonius,Correa,acorreamb@go.com,974-666-9194,804,2024-09-25 12:27:02
805,Olav,Coghlan,ocoghlanmc@cbsnews.com,579-619-7330,805,2024-05-27 18:53:24
806,Rivkah,Samart,rsamartmd@tripadvisor.com,599-699-6450,806,2024-05-25 02:49:53
807,Angy,Volke,avolkeme@miibeian.gov.cn,280-872-4867,807,2024-09-04 10:10:59
808,Owen,Swindles,oswindlesmf@joomla.org,874-387-5707,808,2024-03-10 07:06:03
809,Lilas,Benson,lbensonmg@elpais.com,511-712-6408,809,2024-03-23 11:29:10
810,Fee,Durie,fduriemh@shutterfly.com,213-752-0373,810,2024-03-07 17:48:49
811,Sawyere,Gouldstone,sgouldstonemi@freewebs.com,572-700-9222,811,2024-05-24 16:32:49
812,Waldemar,Greenhalf,wgreenhalfmj@wikimedia.org,747-682-2901,812,2024-08-09 20:10:43
813,Laetitia,Gibbeson,lgibbesonmk@studiopress.com,185-701-3733,813,2024-01-14 10:04:14
814,Benny,Eveleigh,beveleighml@mail.ru,626-808-8400,814,2024-10-19 05:15:35
815,Holli,Ortsmann,hortsmannmm@etsy.com,180-274-4889,815,2024-06-23 11:10:20
816,Yevette,Bauldrey,ybauldreymn@nifty.com,102-336-6895,816,2024-06-15 15:37:42
817,Elyse,Livens,elivensmo@ning.com,695-981-3891,817,2024-10-31 11:15:21
818,Cyrill,MacFadyen,cmacfadyenmp@ftc.gov,446-534-2483,818,2024-05-28 06:19:43
819,Isak,Greggersen,igreggersenmq@surveymonkey.com,463-780-5796,819,2024-09-13 06:33:06
820,Essy,Habin,ehabinmr@ning.com,410-427-5554,820,2024-08-23 02:07:27
821,Caty,Turland,cturlandms@abc.net.au,882-177-8978,821,2024-12-11 06:38:00
822,Christina,Knaggs,cknaggsmt@eventbrite.com,279-395-2172,822,2024-05-15 02:09:13
823,Constanta,Colbridge,ccolbridgemu@imageshack.us,746-440-0889,823,2024-01-16 15:09:44
824,Rourke,Ricardon,rricardonmv@unicef.org,788-558-0421,824,2024-10-16 11:43:56
825,Saidee,Fowley,sfowleymw@upenn.edu,756-395-4231,825,2024-07-02 21:05:09
826,Melania,Stimson,mstimsonmx@wired.com,641-736-6605,826,2024-01-08 17:22:53
827,Pall,Sclater,psclatermy@nih.gov,942-693-6904,827,2024-04-07 00:59:58
828,Brynne,Droogan,bdrooganmz@kickstarter.com,575-961-4229,828,2024-04-26 19:40:50
829,Caterina,Behning,cbehningn0@bravesites.com,259-374-8706,829,2024-11-27 18:17:16
830,Dorri,Blacker,dblackern1@weebly.com,225-716-8903,830,2024-03-10 21:25:27
831,Kristi,Hurler,khurlern2@weebly.com,472-914-2998,831,2024-12-18 07:28:30
832,Blair,Tanzig,btanzign3@mac.com,334-989-2547,832,2024-09-03 17:51:08
833,Brandais,Cradey,bcradeyn4@cnbc.com,202-473-0930,833,2023-12-31 23:28:23
834,Fidole,Radeliffe,fradeliffen5@who.int,806-549-8705,834,2024-10-17 02:36:50
835,Yovonnda,Parrott,yparrottn6@scientificamerican.com,457-111-3322,835,2024-12-06 14:21:37
836,Lionel,Clee,lcleen7@weibo.com,891-681-0542,836,2024-07-21 03:30:48
837,Lynne,Jordeson,ljordesonn8@hubpages.com,949-341-5725,837,2023-12-30 18:50:57
838,Belia,Durno,bdurnon9@whitehouse.gov,910-768-8280,838,2024-01-03 21:54:02
839,Shae,Izat,sizatna@techcrunch.com,959-165-9552,839,2024-10-04 00:59:50
840,Oswald,Hockell,ohockellnb@posterous.com,709-959-3459,840,2024-09-06 18:01:23
841,Antonino,Kubal,akubalnc@homestead.com,299-598-3794,841,2024-10-20 03:40:06
842,Norbert,Vlies,nvliesnd@admin.ch,716-696-0126,842,2024-01-18 09:19:14
843,Gabriele,Legging,gleggingne@example.com,605-258-1442,843,2024-08-08 02:08:16
844,Rubie,Bracher,rbrachernf@alibaba.com,787-725-1266,844,2024-01-18 14:05:29
845,Ada,Pocklington,apocklingtonng@umich.edu,854-297-6714,845,2024-05-01 19:43:53
846,Terrel,Kidner,tkidnernh@disqus.com,986-646-4651,846,2024-02-23 09:42:08
847,Inga,Spearett,ispearettni@instagram.com,662-371-1760,847,2024-04-16 03:07:43
848,Celina,Duchart,cduchartnj@cnbc.com,346-475-2566,848,2024-04-06 14:22:41
849,Miquela,Caroli,mcarolink@cbslocal.com,194-317-2658,849,2024-08-20 11:41:34
850,Elijah,Burrell,eburrellnl@wix.com,300-102-3732,850,2024-07-06 03:57:42
851,Ellswerth,Tunnow,etunnownm@freewebs.com,247-286-9528,851,2024-12-06 04:17:25
852,Vilhelmina,Gwillym,vgwillymnn@house.gov,454-810-8582,852,2024-02-17 09:49:28
853,Charlene,Kirkbride,ckirkbrideno@irs.gov,752-233-4195,853,2024-12-12 22:35:09
854,Evelina,Driscoll,edriscollnp@nba.com,440-611-7108,854,2024-09-02 08:47:39
855,Derby,Topliss,dtoplissnq@linkedin.com,981-706-4586,855,2024-11-07 07:20:43
856,Nat,Cracknell,ncracknellnr@nasa.gov,759-622-7124,856,2024-03-11 17:01:42
857,Sherri,Wickersham,swickershamns@hugedomains.com,666-552-6805,857,2024-02-29 19:02:55
858,Carissa,Bidewel,cbidewelnt@seattletimes.com,699-185-8454,858,2024-05-03 23:37:30
859,Karisa,Murfin,kmurfinnu@quantcast.com,675-348-4018,859,2024-04-22 23:05:17
860,Evey,Macro,emacronv@flavors.me,762-259-3278,860,2024-03-04 17:12:08
861,Isabella,Vakhrushev,ivakhrushevnw@tinyurl.com,132-699-0512,861,2024-05-28 14:25:09
862,Karna,Plews,kplewsnx@bbc.co.uk,693-334-1911,862,2024-10-22 10:03:06
863,Hermann,Gimenez,hgimenezny@msu.edu,551-162-1957,863,2024-11-13 02:55:03
864,Wittie,Reinhardt,wreinhardtnz@jimdo.com,399-169-2217,864,2024-07-25 04:23:32
865,Dallas,Kilbourne,dkilbourneo0@bloglines.com,836-766-7587,865,2024-04-24 16:03:49
866,Elbert,Hunsworth,ehunswortho1@amazon.de,177-591-9616,866,2024-09-21 08:01:30
867,Francisca,Greenmon,fgreenmono2@state.gov,682-677-2980,867,2024-04-16 13:21:53
868,Tina,Kuhnke,tkuhnkeo3@cbsnews.com,977-622-3151,868,2024-03-11 04:45:47
869,Garik,Debrick,gdebricko4@oracle.com,972-627-8687,869,2024-11-19 23:08:50
870,Mortie,Midgley,mmidgleyo5@unc.edu,329-372-4735,870,2024-08-14 22:28:12
871,Silvanus,Wick,swicko6@bizjournals.com,583-913-8284,871,2024-04-04 11:06:22
872,Rena,Briscow,rbriscowo7@vkontakte.ru,812-168-4439,872,2024-06-09 21:30:28
873,Crissie,Senter,csentero8@merriam-webster.com,359-741-8863,873,2024-04-12 14:20:15
874,Jobyna,Mitchel,jmitchelo9@a8.net,825-929-9464,874,2024-12-03 16:24:42
875,Cacilia,McAloren,cmcalorenoa@illinois.edu,700-599-7355,875,2024-09-21 14:33:04
876,Rachel,Rickert,rrickertob@usa.gov,197-741-7610,876,2024-01-16 02:22:07
877,Althea,Rooney,arooneyoc@thetimes.co.uk,765-271-8452,877,2024-06-08 04:36:24
878,Mari,Edlyne,medlyneod@utexas.edu,629-673-4711,878,2024-11-04 04:00:26
879,Silva,Rannie,srannieoe@skype.com,507-200-9906,879,2024-07-19 10:26:10
880,Emera,Oehme,eoehmeof@uiuc.edu,530-256-6829,880,2024-09-04 12:42:58
881,Evvy,Tiffany,etiffanyog@xinhuanet.com,636-253-5421,881,2024-04-14 23:47:00
882,Larisa,Hamlington,lhamlingtonoh@booking.com,515-531-2103,882,2023-12-30 08:44:22
883,Des,Tapper,dtapperoi@chronoengine.com,282-583-5525,883,2024-02-07 07:29:45
884,Douglass,Hammerich,dhammerichoj@sogou.com,464-234-8375,884,2024-06-24 17:43:14
885,Freedman,Convery,fconveryok@edublogs.org,850-993-5304,885,2024-06-26 01:09:32
886,Cal,MacRury,cmacruryol@woothemes.com,827-999-6023,886,2024-08-03 17:05:06
887,Brewer,Laphorn,blaphornom@parallels.com,629-676-7509,887,2024-12-25 21:44:43
888,Stern,Cameron,scameronon@ycombinator.com,152-734-2558,888,2024-09-26 16:01:57
889,Dido,Dorey,ddoreyoo@statcounter.com,605-821-7136,889,2024-02-15 06:01:23
890,Harlan,Rennicks,hrennicksop@businessweek.com,271-220-4072,890,2024-10-28 12:52:40
891,Jerrine,Grube,jgrubeoq@uiuc.edu,664-623-8976,891,2024-03-11 04:45:14
892,Amelia,Aslie,aaslieor@cnn.com,204-918-5408,892,2024-07-13 02:12:26
893,Anabal,Valentetti,avalentettios@utexas.edu,557-474-4224,893,2024-06-14 20:05:25
894,Blaire,Phillippo,bphillippoot@vimeo.com,937-850-8575,894,2024-01-29 20:18:24
895,Rudolf,Kearle,rkearleou@alexa.com,309-933-8043,895,2024-02-02 10:33:18
896,Conn,Geake,cgeakeov@de.vu,608-977-7163,896,2024-05-05 05:29:43
897,Lyndsay,Alp,lalpow@simplemachines.org,413-116-3687,897,2024-05-05 00:50:38
898,Idelle,Copes,icopesox@cbc.ca,391-123-7042,898,2024-08-25 03:41:30
899,Glenine,Lethbridge,glethbridgeoy@histats.com,627-912-0801,899,2024-03-04 12:26:49
900,Halley,Flade,hfladeoz@eepurl.com,644-409-7386,900,2024-05-17 14:10:48
901,Janaya,Crosetto,jcrosettop0@acquirethisname.com,221-296-7476,901,2024-09-13 18:28:16
902,Valencia,Bartleman,vbartlemanp1@github.com,764-187-6164,902,2024-04-17 21:43:51
903,Damaris,Lidgett,dlidgettp2@google.com.br,808-842-9152,903,2024-07-16 15:03:47
904,Maggy,Thunnercliffe,mthunnercliffep3@issuu.com,262-931-7669,904,2024-07-04 07:56:00
905,Sayre,Elford,selfordp4@opensource.org,149-684-2604,905,2024-04-28 22:25:34
906,Codi,Samsonsen,csamsonsenp5@myspace.com,961-515-7904,906,2024-10-07 18:13:57
907,Ed,Kear,ekearp6@wsj.com,220-865-6302,907,2024-04-12 22:52:29
908,Binnie,Paridge,bparidgep7@msn.com,981-429-0749,908,2024-05-07 05:42:42
909,Kiah,Reding,kredingp8@sciencedirect.com,309-303-6680,909,2024-07-21 13:02:56
910,Marie-ann,Darinton,mdarintonp9@posterous.com,771-305-7747,910,2024-12-16 18:33:52
911,Kimmie,Kitter,kkitterpa@dailymail.co.uk,270-299-2432,911,2024-02-23 05:58:37
912,Ermina,Bomfield,ebomfieldpb@seesaa.net,932-489-0041,912,2024-08-28 12:35:36
913,Steward,Scimoni,sscimonipc@mozilla.org,180-754-4130,913,2024-02-21 04:19:53
914,Teddy,Mardoll,tmardollpd@google.com.hk,780-571-5354,914,2024-12-01 07:26:10
915,Dante,Bahl,dbahlpe@microsoft.com,505-235-9349,915,2024-05-02 18:06:43
916,Layton,Knowling,lknowlingpf@hubpages.com,944-461-7859,916,2024-03-23 07:24:11
917,Wes,Douse,wdousepg@kickstarter.com,336-972-7520,917,2024-03-23 07:48:27
918,Reeba,Alston,ralstonph@tamu.edu,285-438-5000,918,2024-12-03 05:57:43
919,Cookie,Tumulty,ctumultypi@digg.com,965-932-0730,919,2024-03-25 13:00:47
920,Lazarus,Curtois,lcurtoispj@fotki.com,282-647-3453,920,2024-10-02 08:44:13
921,Lind,Eagger,leaggerpk@desdev.cn,907-267-2889,921,2024-08-27 00:08:28
922,Victoria,Bosward,vboswardpl@list-manage.com,331-702-8599,922,2024-05-13 05:48:17
923,Janelle,Loughlin,jloughlinpm@sakura.ne.jp,958-105-3641,923,2024-07-29 17:04:23
924,Sonnie,Santoro,ssantoropn@nyu.edu,975-334-8027,924,2024-09-25 04:48:16
925,Gilburt,Putman,gputmanpo@com.com,208-706-4135,925,2024-11-08 07:02:37
926,Geoffrey,Arden,gardenpp@rakuten.co.jp,504-546-7822,926,2024-11-30 17:13:35
927,Louis,Fligg,lfliggpq@artisteer.com,133-611-1669,927,2024-11-15 02:18:17
928,Pembroke,Legging,pleggingpr@bloglovin.com,430-584-8365,928,2024-01-31 15:53:52
929,Prudi,McLauchlin,pmclauchlinps@berkeley.edu,106-769-8369,929,2024-10-09 18:34:33
930,Adams,Westmacott,awestmacottpt@pinterest.com,705-244-9143,930,2024-06-18 13:32:40
931,Odelinda,Nealey,onealeypu@cisco.com,120-341-4361,931,2024-04-16 04:37:18
932,Nanny,Alderwick,nalderwickpv@infoseek.co.jp,609-610-5121,932,2024-01-01 03:18:20
933,Franciska,Danskine,fdanskinepw@bravesites.com,351-707-6575,933,2024-08-02 02:45:35
934,Nanice,Youll,nyoullpx@so-net.ne.jp,984-910-3890,934,2024-10-01 21:39:01
935,Shel,Methingam,smethingampy@lycos.com,737-486-1545,935,2024-08-11 03:30:13
936,Johannes,Bentote,jbentotepz@bbb.org,947-617-8055,936,2024-04-30 01:08:35
937,Bard,Bucknall,bbucknallq0@4shared.com,492-225-2227,937,2024-02-04 00:35:53
938,Shaine,Gladdis,sgladdisq1@twitter.com,415-513-3873,938,2024-06-11 06:36:40
939,Maurie,Shannahan,mshannahanq2@noaa.gov,502-880-8043,939,2024-01-12 05:12:31
940,Wittie,Danher,wdanherq3@nifty.com,824-189-3145,940,2024-01-27 02:33:42
941,Coriss,Dener,cdenerq4@flavors.me,190-507-8574,941,2024-01-25 21:14:21
942,Bax,Frosch,bfroschq5@yellowbook.com,406-669-0304,942,2024-04-15 19:40:09
943,Carmella,Sterman,cstermanq6@cnet.com,643-776-3245,943,2024-04-08 12:27:54
944,Ulick,Pickles,upicklesq7@moonfruit.com,687-310-9647,944,2024-12-11 21:24:44
945,Merrel,Nansom,mnansomq8@nhs.uk,905-810-9282,945,2024-06-25 21:56:35
946,Hamilton,Pengilly,hpengillyq9@earthlink.net,313-276-4729,946,2024-12-01 14:34:00
947,Carmine,Ibarra,cibarraqa@phpbb.com,550-879-4891,947,2024-04-20 15:57:04
948,Yetta,Milkin,ymilkinqb@ask.com,595-407-2647,948,2024-06-16 16:12:00
949,Noella,Arnopp,narnoppqc@opensource.org,351-280-9735,949,2024-07-15 03:23:55
950,Sybyl,Rojas,srojasqd@acquirethisname.com,167-617-9176,950,2024-10-24 15:59:13
951,Hart,Rebeiro,hrebeiroqe@alibaba.com,605-138-6403,951,2024-01-26 10:37:06
952,Eadmund,Porrett,eporrettqf@indiatimes.com,796-444-8346,952,2024-02-09 09:01:52
953,Virgilio,Varcoe,vvarcoeqg@weebly.com,907-982-9439,953,2024-12-06 13:45:40
954,Vidovic,Tonks,vtonksqh@feedburner.com,515-939-4721,954,2024-05-20 01:53:13
955,Sigismund,Michelet,smicheletqi@naver.com,973-648-1023,955,2024-02-28 00:06:08
956,Raimundo,Pain,rpainqj@facebook.com,137-859-3359,956,2024-06-23 01:24:24
957,Quentin,Espina,qespinaqk@usda.gov,140-907-5586,957,2024-07-08 05:41:28
958,Crichton,Jennrich,cjennrichql@github.com,110-718-5610,958,2024-07-19 01:39:49
959,Rodina,Harriss,rharrissqm@360.cn,627-509-9557,959,2024-06-22 17:21:47
960,Elwood,Reavell,ereavellqn@cisco.com,366-569-8836,960,2023-12-26 07:32:14
961,Ardisj,Vowles,avowlesqo@livejournal.com,815-636-9828,961,2024-01-21 03:16:15
962,Nicoline,Hryskiewicz,nhryskiewiczqp@ezinearticles.com,256-201-8208,962,2024-04-15 22:59:23
963,Ema,Abramowitch,eabramowitchqq@goo.gl,599-311-7061,963,2024-12-17 02:25:27
964,Samantha,Tylor,stylorqr@geocities.com,140-618-7296,964,2024-10-16 17:20:30
965,Meggy,Kirgan,mkirganqs@youku.com,319-673-0456,965,2024-06-10 09:37:46
966,Langston,Goodboddy,lgoodboddyqt@hibu.com,495-197-9174,966,2024-11-17 03:42:57
967,Emiline,Crace,ecracequ@sitemeter.com,975-462-1431,967,2024-04-21 10:43:43
968,Tedie,Fitzroy,tfitzroyqv@usa.gov,854-220-0171,968,2024-03-28 23:06:58
969,Bernie,Balasini,bbalasiniqw@sphinn.com,959-564-3640,969,2024-11-16 14:36:45
970,Cookie,Mitchinson,cmitchinsonqx@tiny.cc,483-524-9266,970,2024-04-21 05:56:43
971,Margret,Jellett,mjellettqy@gov.uk,891-216-4331,971,2024-07-31 11:05:17
972,Wanda,Killner,wkillnerqz@msn.com,459-388-3592,972,2024-06-29 20:44:13
973,Tabb,Gentric,tgentricr0@canalblog.com,613-716-2734,973,2024-12-16 15:26:28
974,Jerrie,Ewens,jewensr1@dailymotion.com,494-306-2508,974,2024-10-29 05:43:05
975,Kelcey,Akroyd,kakroydr2@wix.com,985-283-0328,975,2024-04-25 16:57:01
976,Abra,Spragge,aspragger3@state.tx.us,811-869-2168,976,2024-12-01 22:19:03
977,Colas,Dodding,cdoddingr4@blogger.com,445-952-3153,977,2024-10-24 04:19:43
978,Charita,Glasner,cglasnerr5@technorati.com,956-523-9479,978,2024-11-27 21:32:30
979,Parker,Dooland,pdoolandr6@icq.com,403-483-9717,979,2024-06-17 02:54:17
980,Mimi,Alberts,malbertsr7@constantcontact.com,945-391-4282,980,2024-08-03 19:14:33
981,Willis,Tomaskov,wtomaskovr8@fotki.com,528-398-1446,981,2024-02-22 22:15:16
982,Krystle,Addis,kaddisr9@merriam-webster.com,342-768-9892,982,2024-10-15 21:39:01
983,Crystal,Bew,cbewra@ucsd.edu,144-662-0089,983,2024-09-02 08:04:15
984,Mignon,Semarke,msemarkerb@a8.net,641-339-1921,984,2024-06-17 22:49:28
985,Melinde,Sylett,msylettrc@moonfruit.com,939-568-2802,985,2024-03-02 18:09:46
986,Anatol,Mugleston,amuglestonrd@nytimes.com,128-271-9481,986,2024-11-19 05:21:33
987,Dani,Kupker,dkupkerre@wired.com,482-236-3243,987,2024-03-23 21:42:37
988,Kimmi,Caroline,kcarolinerf@typepad.com,421-482-2922,988,2024-07-29 09:26:25
989,Catlee,Britton,cbrittonrg@nbcnews.com,927-535-3450,989,2024-02-08 16:24:30
990,Jules,Carmen,jcarmenrh@fda.gov,664-832-5622,990,2024-10-01 21:22:23
991,Barde,Isaacson,bisaacsonri@jimdo.com,929-152-6597,991,2024-11-01 13:14:30
992,Jillian,Mattielli,jmattiellirj@cloudflare.com,657-112-4646,992,2024-04-05 09:11:47
993,Joelynn,Presnell,jpresnellrk@cdbaby.com,885-481-1731,993,2024-09-28 05:32:11
994,Jade,Glynn,jglynnrl@sina.com.cn,761-690-4308,994,2024-07-20 21:53:39
995,Michail,Lashford,mlashfordrm@google.co.jp,682-252-7310,995,2024-04-22 08:51:02
996,Dougie,Widdowson,dwiddowsonrn@unesco.org,731-478-9933,996,2024-04-28 22:14:13
997,Allen,O'Monahan,aomonahanro@disqus.com,145-481-3882,997,2024-06-19 00:33:24
998,Kenny,Bampfield,kbampfieldrp@photobucket.com,346-320-5680,998,2024-04-30 12:51:44
999,Nathanial,Meadowcraft,nmeadowcraftrq@cyberchimps.com,782-407-8813,999,2024-06-16 18:07:25
1000,Nannette,Staton,nstatonrr@hao123.com,795-770-9086,1000,2024-04-16 19:15:41
